pedido_id,data_pedido,cliente_id,produto_id,categoria,qtde,preco_unitario,valor_total,uf,cidade,canal_venda,status_pedido
p0001,2025-08-01 17:30:20,c164,pr0058,livros,3,504.89,1514.67,MG,Santos,loja,pago
p0002,2025-08-21 09:01:00,c174,pr0380,esportes,1,1189.18,1189.18,SP,Oliveira,web,pago
p0003,2025-08-18 11:38:09,c056,pr0120,esportes,5,72.54,362.7,CE,Cavalcanti,loja,cancelado
p0004,2025-08-03 22:14:53,c180,pr0280,roupas,2,909.43,1818.86,BA,Nunes dos Dourados,web,pago
p0005,2025-08-23 00:03:25,c179,pr0217,games,3,327.85,983.55,RS,Moraes de Minas,web,pago
p0006,2025-08-10 04:54:37,c098,pr0050,games,3,1215.38,3646.14,SP,Castro,loja,pendente
p0007,2025-08-01 19:27:17,c138,pr0064,roupas,1,1113.04,1113.04,RS,Almeida,loja,pago
p0008,2025-07-28 03:44:40,c181,pr0036,livros,2,1550.68,3101.36,RJ,Moura Verde,web,pago
p0009,2025-08-11 03:39:50,c098,pr0143,roupas,3,342.06,1026.18,RS,da Cunha,web,cancelado
p0010,2025-08-13 22:18:21,c069,pr0360,beleza,1,1226.08,1226.08,MG,da Luz,loja,cancelado
p0011,2025-08-11 02:18:10,c063,pr0084,roupas,4,554.5,2218.0,CE,Caldeira,loja,pendente
p0012,2025-08-08 19:48:49,c197,pr0398,livros,2,1647.17,3294.34,RS,Azevedo do Norte,app,pendente
p0013,2025-08-16 01:15:41,c017,pr0109,esportes,3,441.0,1323.0,PR,Martins,app,cancelado
p0014,2025-08-09 02:21:01,c118,pr0074,games,2,508.32,1016.64,BA,Aragão de Moura,loja,cancelado
p0015,2025-07-26 13:24:33,c110,pr0460,esportes,4,736.75,2947.0,MG,Ramos do Norte,loja,pendente
p0016,2025-08-11 03:12:27,c024,pr0387,livros,1,322.63,322.63,MG,Silveira dos Dourados,loja,pendente
p0017,2025-08-05 07:54:06,c153,pr0033,roupas,4,1199.86,4799.44,PR,da Costa,loja,pendente
p0018,2025-08-03 22:35:36,c142,pr0441,livros,1,1369.79,1369.79,BA,Duarte da Serra,loja,pendente
p0019,2025-08-02 04:00:45,c029,pr0151,roupas,2,918.37,1836.74,BA,da Rosa,loja,pago
p0020,2025-07-31 13:24:03,c130,pr0468,livros,3,1686.51,5059.53,CE,Rezende do Oeste,web,pendente
p0021,2025-08-01 12:22:35,c196,pr0083,esportes,5,1838.62,9193.1,RS,Carvalho,app,pago
p0022,2025-07-31 22:24:23,c029,pr0476,games,3,494.12,1482.36,CE,Nunes de Aragão,loja,pago
p0023,2025-08-07 11:06:09,c022,pr0375,roupas,1,1956.41,1956.41,MG,Duarte,web,cancelado
p0024,2025-08-15 01:46:47,c122,pr0485,esportes,2,544.81,1089.62,PE,Rodrigues de Teixeira,web,cancelado
p0025,2025-07-25 15:58:58,c194,pr0374,beleza,2,1431.64,2863.28,PE,da Cunha de Castro,loja,cancelado
p0026,2025-08-10 13:46:32,c096,pr0225,esportes,4,259.59,1038.36,CE,Rodrigues do Campo,web,pendente
p0027,2025-08-04 20:58:54,c006,pr0302,esportes,2,1185.11,2370.22,SP,Viana dos Dourados,web,cancelado
p0028,2025-07-31 07:54:30,c162,pr0031,eletronicos,1,1812.73,1812.73,RS,Martins de Almeida,web,cancelado
p0029,2025-07-31 09:36:40,c061,pr0143,beleza,4,444.19,1776.76,MG,Lima do Amparo,loja,cancelado
p0030,2025-08-04 16:18:09,c148,pr0243,eletronicos,4,1618.84,6475.36,CE,Carvalho,web,pago
p0031,2025-08-01 01:44:49,c169,pr0221,games,4,833.98,3335.92,SP,Gonçalves,loja,cancelado
p0032,2025-08-12 15:25:07,c166,pr0051,livros,4,1461.86,5847.44,RJ,Vieira da Praia,web,pago
p0033,2025-08-23 23:54:27,c049,pr0275,roupas,2,855.33,1710.66,BA,Peixoto,app,pago
p0034,2025-08-11 22:40:33,c020,pr0227,esportes,1,120.16,120.16,SP,da Luz,web,pago
p0035,2025-08-01 18:04:04,c043,pr0209,roupas,4,443.22,1772.88,PE,Caldeira Alegre,web,pago
p0036,2025-08-12 05:42:16,c098,pr0002,roupas,3,1854.51,5563.53,PR,Duarte Verde,app,pendente
p0037,2025-08-20 15:56:51,c179,pr0491,beleza,5,1330.51,6652.55,PR,das Neves Alegre,web,pago
p0038,2025-08-07 15:48:13,c076,pr0112,livros,5,1476.76,7383.8,SP,da Mota do Galho,loja,pendente
p0039,2025-08-09 12:29:32,c015,pr0026,esportes,4,1015.64,4062.56,MG,Barbosa das Pedras,web,cancelado
p0040,2025-08-19 07:14:16,c021,pr0436,eletronicos,1,1198.17,1198.17,CE,Duarte da Praia,app,pago
p0041,2025-08-14 20:08:06,c146,pr0127,esportes,5,98.69,493.45,RJ,Nogueira,app,cancelado
p0042,2025-08-14 16:49:18,c150,pr0290,esportes,3,1870.72,5612.16,CE,Novaes,loja,cancelado
p0043,2025-08-23 13:57:51,c081,pr0123,games,4,279.14,1116.56,BA,Duarte,app,pendente
p0044,2025-08-24 03:16:06,c193,pr0480,livros,1,927.41,927.41,RJ,Cunha Alegre,web,cancelado
p0045,2025-07-26 13:21:25,c055,pr0260,games,2,1867.85,3735.7,RJ,da Cruz,web,pendente
p0046,2025-07-31 13:54:12,c073,pr0081,roupas,5,1413.01,7065.05,SP,Vieira de Lopes,loja,cancelado
p0047,2025-07-28 23:05:40,c077,pr0478,beleza,1,1879.08,1879.08,MG,Nunes,app,pago
p0048,2025-08-02 15:55:18,c028,pr0381,esportes,2,559.25,1118.5,CE,Moura de da Paz,loja,pendente
p0049,2025-07-27 06:47:05,c053,pr0352,beleza,3,1020.71,3062.13,BA,Caldeira,web,pago
p0050,2025-08-12 18:31:09,c163,pr0217,games,1,27.02,27.02,MG,Castro,loja,pendente
p0051,2025-07-31 23:06:11,c042,pr0380,roupas,5,1417.22,7086.1,SP,Ribeiro,web,pago
p0052,2025-08-19 04:51:21,c177,pr0463,eletronicos,5,91.34,456.7,RS,Monteiro do Campo,loja,cancelado
p0053,2025-08-14 13:41:29,c038,pr0221,eletronicos,1,630.35,630.35,SP,Sales de Ramos,app,pago
p0054,2025-08-13 10:58:00,c175,pr0128,beleza,1,720.28,720.28,PE,Moura,loja,cancelado
p0055,2025-08-09 10:11:22,c040,pr0474,eletronicos,2,1952.89,3905.78,MG,da Cruz,app,pago
p0056,2025-08-03 16:22:16,c046,pr0378,games,4,1608.43,6433.72,CE,da Paz do Sul,app,pago
p0057,2025-08-22 19:26:58,c180,pr0056,roupas,1,1720.01,1720.01,CE,Azevedo de Freitas,web,pendente
p0058,2025-08-05 05:42:40,c090,pr0157,eletronicos,2,66.86,133.72,CE,Aragão,app,pendente
p0059,2025-08-23 02:56:28,c072,pr0443,livros,3,715.27,2145.81,PE,da Rocha,loja,cancelado
p0060,2025-08-12 17:31:50,c085,pr0481,livros,1,1756.54,1756.54,BA,Fogaça Grande,web,cancelado
p0061,2025-08-12 20:37:14,c068,pr0020,livros,5,880.44,4402.2,RS,Martins das Pedras,app,cancelado
p0062,2025-08-09 23:48:15,c131,pr0060,roupas,5,396.36,1981.8,SP,Duarte da Prata,loja,pendente
p0063,2025-07-31 20:29:06,c001,pr0267,esportes,2,741.16,1482.32,RJ,Ramos,loja,pendente
p0064,2025-07-26 02:12:16,c160,pr0161,beleza,1,1445.11,1445.11,BA,Ribeiro Alegre,loja,pendente
p0065,2025-08-21 01:25:07,c171,pr0210,games,4,1400.47,5601.88,MG,Pires,web,pendente
p0066,2025-08-01 22:14:53,c171,pr0482,roupas,2,1238.72,2477.44,BA,Gonçalves da Serra,app,cancelado
p0067,2025-07-28 18:26:52,c001,pr0156,games,2,871.18,1742.36,RS,Porto,app,pendente
p0068,2025-08-15 00:17:16,c114,pr0346,eletronicos,5,956.91,4784.55,MG,Peixoto do Oeste,loja,pago
p0069,2025-08-03 12:29:58,c073,pr0264,beleza,5,683.67,3418.35,CE,Alves do Amparo,loja,pendente
p0070,2025-08-20 14:20:36,c058,pr0413,eletronicos,2,68.36,136.72,CE,Rocha,app,cancelado
p0071,2025-08-22 02:50:27,c197,pr0038,roupas,4,1774.55,7098.2,CE,Carvalho Paulista,loja,cancelado
p0072,2025-08-17 13:47:49,c099,pr0254,roupas,2,312.19,624.38,SP,da Paz,web,pendente
p0073,2025-08-13 05:50:15,c057,pr0091,beleza,5,939.81,4699.05,CE,Viana,web,pendente
p0074,2025-08-06 03:03:20,c035,pr0411,roupas,5,1976.03,9880.15,RS,da Paz,app,cancelado
p0075,2025-08-17 03:38:33,c185,pr0457,esportes,4,1664.53,6658.12,PR,da Luz,web,cancelado
p0076,2025-08-23 01:03:10,c122,pr0231,games,2,1682.93,3365.86,BA,Nunes de da Paz,loja,pendente
p0077,2025-07-26 07:39:47,c161,pr0123,games,4,173.42,693.68,BA,Barros da Serra,web,pendente
p0078,2025-08-23 02:30:11,c086,pr0164,esportes,1,293.98,293.98,CE,Nascimento,app,cancelado
p0079,2025-08-14 10:38:47,c040,pr0362,eletronicos,1,841.44,841.44,RS,Fernandes,loja,pendente
p0080,2025-08-17 10:19:01,c107,pr0032,eletronicos,4,791.16,3164.64,SP,da Cruz,loja,pendente
p0081,2025-08-21 18:28:49,c123,pr0004,games,3,1511.88,4535.64,PE,Melo,loja,cancelado
p0082,2025-08-19 10:59:25,c189,pr0280,esportes,2,986.69,1973.38,BA,da Cunha de Viana,app,pendente
p0083,2025-08-08 10:50:45,c008,pr0200,games,4,1453.88,5815.52,PR,da Rosa da Prata,web,cancelado
p0084,2025-08-19 21:51:34,c137,pr0014,roupas,5,1137.5,5687.5,SP,Silva,web,cancelado
p0085,2025-08-21 19:17:51,c110,pr0070,roupas,2,119.56,239.12,PE,Jesus do Campo,app,pago
p0086,2025-08-16 21:49:53,c117,pr0168,games,4,570.95,2283.8,PE,Costa,app,pago
p0087,2025-08-22 12:43:16,c121,pr0010,beleza,5,123.13,615.65,RS,Moura da Serra,web,cancelado
p0088,2025-08-18 05:30:55,c018,pr0400,beleza,1,1513.38,1513.38,CE,Barros,web,pago
p0089,2025-08-03 22:13:43,c160,pr0079,eletronicos,2,957.65,1915.3,RJ,Duarte,loja,pago
p0090,2025-08-02 12:28:24,c120,pr0359,games,3,352.22,1056.66,RJ,Castro de das Neves,web,pendente
p0091,2025-07-30 17:49:45,c028,pr0297,livros,3,1160.08,3480.24,PE,Souza,app,cancelado
p0092,2025-08-02 23:03:07,c051,pr0039,esportes,2,221.76,443.52,BA,Lima,loja,cancelado
p0093,2025-08-12 07:17:05,c031,pr0408,esportes,1,707.46,707.46,PE,Novaes de da Costa,loja,pendente
p0094,2025-08-21 17:24:12,c018,pr0260,beleza,3,45.05,135.15,PE,Sales,app,pago
p0095,2025-08-07 10:30:11,c111,pr0492,games,4,1420.47,5681.88,PE,Teixeira de Silva,web,cancelado
p0096,2025-08-11 13:10:31,c134,pr0495,beleza,3,1239.51,3718.53,PR,Ribeiro,app,pendente
p0097,2025-07-27 01:29:59,c188,pr0304,games,3,1706.39,5119.17,RJ,Pires das Flores,app,pendente
p0098,2025-08-13 04:26:20,c063,pr0385,roupas,5,1228.46,6142.3,PE,Cavalcanti,app,pago
p0099,2025-08-05 18:27:17,c127,pr0436,games,2,985.35,1970.7,RS,Souza,app,pendente
p0100,2025-07-30 12:12:50,c072,pr0451,esportes,3,1120.47,3361.41,CE,Costa Grande,web,pago
p0101,2025-07-26 13:49:25,c185,pr0209,roupas,5,1521.17,7605.85,PR,Castro Verde,loja,cancelado
p0102,2025-08-14 16:00:44,c126,pr0230,livros,1,602.59,602.59,PE,Lopes de Minas,loja,pago
p0103,2025-07-26 18:58:41,c079,pr0340,esportes,3,957.06,2871.18,RS,Mendes,app,cancelado
p0104,2025-07-28 16:56:04,c141,pr0170,games,4,556.41,2225.64,BA,Aragão de Goiás,web,pago
p0105,2025-08-01 06:24:00,c185,pr0099,games,1,1490.9,1490.9,MG,da Rosa de da Paz,web,pago
p0106,2025-08-10 04:26:02,c190,pr0248,games,5,1953.68,9768.4,BA,da Mata,web,pago
p0107,2025-08-20 01:01:33,c076,pr0117,games,2,618.49,1236.98,MG,Mendes da Praia,app,pago
p0108,2025-07-25 17:32:08,c014,pr0284,games,2,1282.98,2565.96,PR,Barros,web,pago
p0109,2025-08-05 22:22:48,c147,pr0146,roupas,4,892.13,3568.52,MG,Rocha,web,pendente
p0110,2025-08-18 08:21:25,c123,pr0059,livros,4,993.66,3974.64,SP,Azevedo Grande,web,pago
p0111,2025-07-28 07:03:02,c145,pr0486,games,1,1987.96,1987.96,RJ,da Cruz da Prata,loja,pendente
p0112,2025-08-17 23:51:55,c156,pr0306,esportes,2,1555.87,3111.74,PE,Araújo do Sul,app,pendente
p0113,2025-08-18 02:43:00,c077,pr0441,esportes,4,624.65,2498.6,SP,Porto,loja,cancelado
p0114,2025-08-03 17:25:38,c026,pr0486,eletronicos,2,544.0,1088.0,RJ,da Costa,web,pago
p0115,2025-08-09 02:07:38,c045,pr0283,livros,2,25.3,50.6,PR,Nunes do Amparo,loja,cancelado
p0116,2025-08-21 17:02:50,c121,pr0150,livros,2,590.45,1180.9,BA,Porto,loja,pendente
p0117,2025-08-06 00:25:46,c019,pr0352,eletronicos,3,1579.9,4739.7,CE,Moraes de da Rocha,app,pago
p0118,2025-07-30 04:56:58,c140,pr0116,beleza,2,1818.65,3637.3,MG,Peixoto de Minas,web,pago
p0119,2025-07-31 18:50:48,c043,pr0406,games,5,1502.94,7514.7,BA,Silveira,app,pago
p0120,2025-08-02 14:35:17,c120,pr0353,games,4,1886.5,7546.0,PR,Melo da Mata,app,pago
p0121,2025-08-20 11:21:14,c154,pr0021,roupas,3,1215.35,3646.05,SP,Cardoso de Azevedo,web,pago
p0122,2025-08-20 21:44:18,c173,pr0429,esportes,5,1902.56,9512.8,BA,da Rosa Alegre,loja,pago
p0123,2025-08-01 09:07:26,c196,pr0388,eletronicos,4,1047.55,4190.2,PR,Mendes da Serra,app,pago
p0124,2025-08-13 02:50:43,c150,pr0224,beleza,4,1938.73,7754.92,PR,Viana,app,pendente
p0125,2025-08-23 07:40:22,c086,pr0165,beleza,1,1718.31,1718.31,RS,da Cunha dos Dourados,app,cancelado
p0126,2025-08-13 15:38:28,c127,pr0148,beleza,4,1630.86,6523.44,SP,Ribeiro,app,pago
p0127,2025-08-18 21:59:04,c081,pr0130,games,1,1940.97,1940.97,PE,Pereira,loja,pago
p0128,2025-07-25 20:24:15,c169,pr0446,esportes,4,838.23,3352.92,CE,Ferreira,loja,pendente
p0129,2025-08-22 22:44:47,c160,pr0388,roupas,4,1524.78,6099.12,CE,Mendes da Prata,app,cancelado
p0130,2025-08-05 12:26:03,c034,pr0475,games,4,1764.08,7056.32,PR,Cunha,web,pago
p0131,2025-08-06 19:44:03,c162,pr0312,eletronicos,2,635.29,1270.58,SP,Pires da Mata,loja,pendente
p0132,2025-08-02 01:04:05,c024,pr0116,livros,4,1895.18,7580.72,MG,Cardoso do Amparo,app,cancelado
p0133,2025-07-30 03:57:45,c075,pr0261,beleza,3,842.67,2528.01,PR,da Cunha de Monteiro,app,pago
p0134,2025-08-23 05:08:22,c117,pr0283,eletronicos,4,397.41,1589.64,MG,Araújo,web,pendente
p0135,2025-08-04 19:41:28,c198,pr0405,roupas,3,1869.81,5609.43,BA,Rezende do Galho,web,pendente
p0136,2025-08-09 13:02:47,c186,pr0153,esportes,5,1997.83,9989.15,PR,Correia,web,pendente
p0137,2025-08-04 08:15:27,c138,pr0248,games,3,1112.8,3338.4,PE,Nascimento do Norte,app,pendente
p0138,2025-07-26 07:29:58,c049,pr0358,eletronicos,5,778.28,3891.4,PE,Pires,web,pendente
p0139,2025-07-31 23:53:49,c191,pr0243,beleza,4,784.44,3137.76,MG,Gomes da Serra,app,pago
p0140,2025-08-04 09:01:03,c033,pr0258,esportes,3,1742.01,5226.03,PR,Aragão Grande,web,cancelado
p0141,2025-08-18 02:37:06,c117,pr0008,beleza,2,831.76,1663.52,MG,da Conceição de Castro,web,pendente
p0142,2025-08-10 07:41:36,c068,pr0174,esportes,4,1306.68,5226.72,RS,Ramos,loja,cancelado
p0143,2025-08-17 16:23:10,c098,pr0489,games,4,1747.32,6989.28,SP,Farias,loja,pago
p0144,2025-08-03 17:27:55,c061,pr0324,beleza,3,1994.9,5984.7,RJ,Vieira Verde,app,pago
p0145,2025-08-10 00:55:43,c195,pr0325,beleza,1,898.48,898.48,BA,Lima,web,pago
p0146,2025-07-29 14:40:54,c084,pr0408,livros,3,729.76,2189.28,PE,Moura,web,pago
p0147,2025-08-22 20:36:40,c136,pr0211,esportes,2,356.57,713.14,RJ,Almeida de da Paz,loja,pendente
p0148,2025-08-01 22:20:24,c159,pr0350,eletronicos,4,1827.4,7309.6,MG,da Cruz de Moura,web,pendente
p0149,2025-07-25 19:25:49,c164,pr0131,roupas,3,1340.34,4021.02,PR,Novaes da Prata,app,cancelado
p0150,2025-08-20 15:40:10,c140,pr0081,livros,4,1891.57,7566.28,BA,Viana,loja,pendente
p0151,2025-08-06 01:11:33,c177,pr0129,roupas,3,414.45,1243.35,PE,Viana de Minas,app,pago
p0152,2025-08-23 16:12:13,c061,pr0196,esportes,3,1158.13,3474.39,BA,Martins de Gomes,web,cancelado
p0153,2025-08-20 14:36:38,c102,pr0141,livros,5,1732.83,8664.15,SP,da Luz do Norte,loja,cancelado
p0154,2025-07-27 21:19:42,c128,pr0427,games,2,1221.99,2443.98,RS,Farias Paulista,web,cancelado
p0155,2025-08-24 10:05:08,c049,pr0318,games,2,1263.93,2527.86,SP,da Rocha,app,pendente
p0156,2025-08-21 23:10:33,c009,pr0297,games,2,198.46,396.92,BA,da Paz de Viana,app,cancelado
p0157,2025-07-31 12:48:50,c107,pr0090,eletronicos,2,1577.3,3154.6,RS,Cardoso,loja,cancelado
p0158,2025-08-01 18:54:53,c070,pr0426,eletronicos,3,1829.82,5489.46,PR,Barbosa,app,cancelado
p0159,2025-08-03 07:05:55,c087,pr0412,livros,4,1926.53,7706.12,MG,Almeida,web,cancelado
p0160,2025-08-14 02:07:19,c186,pr0346,roupas,5,744.23,3721.15,PE,Ramos das Pedras,web,pendente
p0161,2025-08-03 20:09:19,c138,pr0064,roupas,3,1352.2,4056.6,BA,da Mata do Norte,loja,pendente
p0162,2025-08-17 23:13:31,c164,pr0482,games,1,1356.18,1356.18,PR,Pires do Campo,web,cancelado
p0163,2025-07-26 19:46:45,c144,pr0168,esportes,2,1302.35,2604.7,PR,Nogueira,loja,pendente
p0164,2025-08-07 17:38:36,c167,pr0210,livros,2,109.79,219.58,SP,da Conceição,app,pendente
p0165,2025-08-06 08:29:34,c030,pr0050,eletronicos,5,288.61,1443.05,PR,Caldeira,app,cancelado
p0166,2025-07-31 11:00:23,c191,pr0357,esportes,4,1182.93,4731.72,MG,Ribeiro das Pedras,app,cancelado
p0167,2025-08-03 22:36:09,c026,pr0427,roupas,5,828.07,4140.35,BA,Cardoso do Galho,web,cancelado
p0168,2025-08-21 18:05:43,c095,pr0112,roupas,4,1902.1,7608.4,RS,da Rosa,web,cancelado
p0169,2025-08-24 03:25:05,c095,pr0279,beleza,3,139.89,419.67,BA,Rezende,web,pago
p0170,2025-08-15 12:15:06,c117,pr0047,beleza,2,1290.57,2581.14,SP,Porto do Oeste,web,pendente
p0171,2025-08-03 02:51:33,c063,pr0065,esportes,2,155.85,311.7,CE,Costa,loja,pago
p0172,2025-08-23 17:58:19,c060,pr0169,eletronicos,5,25.61,128.05,MG,Jesus de da Rosa,web,cancelado
p0173,2025-07-30 23:25:29,c065,pr0409,eletronicos,1,1328.89,1328.89,SP,Campos de Rocha,web,pago
p0174,2025-08-12 06:24:59,c092,pr0405,eletronicos,5,661.07,3305.35,MG,Freitas,app,pago
p0175,2025-08-09 21:12:04,c033,pr0380,roupas,5,245.03,1225.15,RJ,Cardoso,app,pendente
p0176,2025-08-17 00:28:49,c200,pr0186,esportes,5,235.93,1179.65,CE,Moreira Alegre,loja,pago
p0177,2025-07-26 22:28:10,c187,pr0402,beleza,5,617.23,3086.15,SP,Lopes,web,pendente
p0178,2025-08-13 15:53:55,c103,pr0219,beleza,1,990.73,990.73,PR,Cardoso,web,pago
p0179,2025-08-06 04:33:52,c083,pr0312,eletronicos,1,269.86,269.86,RS,Barros,app,cancelado
p0180,2025-08-07 01:24:49,c136,pr0151,roupas,5,1218.75,6093.75,RJ,Sales,loja,pago
p0181,2025-07-26 07:25:04,c168,pr0334,esportes,2,871.54,1743.08,CE,da Luz,app,pendente
p0182,2025-08-19 06:59:42,c117,pr0205,roupas,1,638.85,638.85,RS,Cardoso do Norte,loja,pendente
p0183,2025-07-29 13:19:58,c096,pr0489,eletronicos,4,152.92,611.68,RJ,da Mota,web,pendente
p0184,2025-08-17 12:08:02,c025,pr0382,beleza,3,1627.3,4881.9,SP,Martins Paulista,loja,cancelado
p0185,2025-08-20 05:09:09,c144,pr0169,beleza,1,833.4,833.4,PE,Oliveira do Oeste,loja,pago
p0186,2025-08-08 13:20:23,c074,pr0308,games,3,225.13,675.39,CE,da Luz,web,cancelado
p0187,2025-07-30 03:38:08,c124,pr0115,livros,3,1693.84,5081.52,RS,Costa,web,pendente
p0188,2025-07-30 18:13:07,c147,pr0116,roupas,5,1949.6,9748.0,SP,Ribeiro da Prata,loja,cancelado
p0189,2025-08-14 00:53:26,c178,pr0137,livros,2,561.08,1122.16,BA,Moreira Grande,app,pendente
p0190,2025-08-07 22:35:47,c002,pr0093,eletronicos,5,1321.54,6607.7,RJ,Mendes,web,cancelado
p0191,2025-07-26 02:46:33,c163,pr0498,livros,1,1497.3,1497.3,CE,Moura Alegre,app,pendente
p0192,2025-08-17 18:40:33,c117,pr0175,eletronicos,3,637.04,1911.12,RS,Viana Verde,loja,cancelado
p0193,2025-08-11 05:12:49,c022,pr0453,livros,2,331.67,663.34,SP,Azevedo Verde,loja,pago
p0194,2025-08-20 11:17:06,c070,pr0227,beleza,4,981.61,3926.44,PR,Ferreira do Galho,app,pendente
p0195,2025-07-28 09:23:45,c056,pr0387,esportes,1,703.44,703.44,RJ,Martins,app,cancelado
p0196,2025-08-21 10:13:57,c174,pr0304,roupas,5,1340.92,6704.6,SP,Pereira de Fernandes,web,pendente
p0197,2025-08-13 19:30:04,c154,pr0029,livros,2,616.81,1233.62,CE,Lopes do Galho,web,pendente
p0198,2025-08-10 05:20:09,c075,pr0168,livros,1,1004.82,1004.82,PE,da Paz da Mata,web,pago
p0199,2025-07-27 12:20:05,c098,pr0273,beleza,2,1010.52,2021.04,RS,Lima de Silva,web,pendente
p0200,2025-07-25 21:42:45,c190,pr0022,roupas,1,930.31,930.31,RJ,Cavalcanti,app,cancelado
p0201,2025-08-17 14:34:44,c110,pr0294,roupas,4,593.24,2372.96,PE,Jesus das Pedras,web,pendente
p0202,2025-07-31 00:30:54,c044,pr0411,esportes,4,1667.41,6669.64,RS,Farias do Campo,web,pendente
p0203,2025-08-08 01:52:16,c028,pr0125,roupas,5,812.89,4064.45,RJ,Almeida das Flores,app,pendente
p0204,2025-08-06 22:55:58,c191,pr0174,eletronicos,3,1562.65,4687.95,RJ,Rocha Verde,loja,cancelado
p0205,2025-08-20 03:55:02,c030,pr0272,esportes,2,1813.73,3627.46,RS,Cavalcanti da Praia,app,cancelado
p0206,2025-08-07 19:28:40,c166,pr0418,eletronicos,2,223.55,447.1,BA,Cardoso de Fernandes,web,pago
p0207,2025-08-01 18:32:37,c155,pr0079,beleza,1,370.75,370.75,PR,Gonçalves de Freitas,app,cancelado
p0208,2025-08-11 13:07:24,c195,pr0297,roupas,5,1293.12,6465.6,RS,Lima Alegre,loja,pendente
p0209,2025-08-05 20:37:10,c039,pr0226,livros,4,895.57,3582.28,BA,da Mota,app,cancelado
p0210,2025-08-12 15:20:05,c015,pr0181,esportes,1,634.61,634.61,PR,Sales,web,pago
p0211,2025-08-18 01:38:01,c095,pr0426,games,1,1296.44,1296.44,RJ,Azevedo do Campo,loja,cancelado
p0212,2025-08-17 10:45:47,c130,pr0197,roupas,5,1117.55,5587.75,SP,Rocha,app,cancelado
p0213,2025-08-12 19:59:27,c167,pr0097,games,5,961.75,4808.75,MG,da Cruz,web,pendente
p0214,2025-08-13 04:40:28,c027,pr0416,games,1,1019.01,1019.01,MG,Viana,web,pago
p0215,2025-08-20 06:14:45,c182,pr0225,roupas,5,1055.04,5275.2,MG,Rodrigues Alegre,app,pendente
p0216,2025-08-07 20:09:56,c073,pr0199,roupas,3,1364.22,4092.66,SP,Peixoto,loja,cancelado
p0217,2025-07-29 06:57:46,c086,pr0034,games,1,1124.77,1124.77,PE,Rodrigues,app,pendente
p0218,2025-08-23 04:22:34,c186,pr0437,beleza,5,1749.09,8745.45,RS,Porto,web,cancelado
p0219,2025-08-09 09:10:19,c170,pr0073,games,3,1936.04,5808.12,PE,Gomes,web,cancelado
p0220,2025-08-17 00:57:02,c182,pr0481,livros,3,1126.67,3380.01,RS,Pereira,web,cancelado
p0221,2025-07-29 23:24:05,c180,pr0425,beleza,5,205.04,1025.2,PE,Silva Paulista,loja,pendente
p0222,2025-08-12 01:15:36,c005,pr0186,games,2,1903.32,3806.64,RS,Nogueira de Aragão,app,pago
p0223,2025-07-29 04:12:26,c058,pr0071,eletronicos,1,605.67,605.67,RJ,Rezende,loja,cancelado
p0224,2025-08-07 04:24:39,c190,pr0453,esportes,1,1330.62,1330.62,MG,Rezende de Goiás,loja,pendente
p0225,2025-07-29 03:31:37,c040,pr0084,eletronicos,5,1621.91,8109.55,MG,Campos da Prata,loja,pendente
p0226,2025-07-26 13:30:39,c012,pr0211,games,2,1939.79,3879.58,BA,Costela de da Rosa,loja,pendente
p0227,2025-08-20 17:04:29,c060,pr0274,eletronicos,3,1931.88,5795.64,PR,Gonçalves do Norte,web,pendente
p0228,2025-08-12 10:43:48,c174,pr0485,esportes,4,934.13,3736.52,BA,Farias de da Cruz,app,cancelado
p0229,2025-08-21 22:06:12,c136,pr0215,eletronicos,2,1606.49,3212.98,MG,Novaes de Rezende,app,pago
p0230,2025-08-16 10:40:07,c165,pr0247,games,5,1869.9,9349.5,RJ,Moura,app,pago
p0231,2025-08-13 17:29:55,c196,pr0083,games,4,1812.51,7250.04,MG,Pires da Prata,app,pago
p0232,2025-08-24 05:56:07,c057,pr0419,roupas,3,1862.33,5586.99,PE,Silveira da Serra,web,pendente
p0233,2025-08-23 16:42:46,c129,pr0192,eletronicos,4,1989.16,7956.64,RS,Pereira,web,pago
p0234,2025-07-30 00:58:15,c082,pr0477,livros,3,1586.93,4760.79,MG,da Mota de Farias,web,pendente
p0235,2025-08-08 15:55:15,c121,pr0357,eletronicos,4,908.23,3632.92,SP,Pires,web,pago
p0236,2025-08-01 02:25:12,c066,pr0111,eletronicos,5,1881.65,9408.25,PE,Freitas,web,pendente
p0237,2025-08-11 22:41:50,c061,pr0155,livros,1,492.11,492.11,PR,Barbosa,web,pago
p0238,2025-07-26 07:33:06,c128,pr0306,esportes,1,1271.27,1271.27,CE,Silveira Grande,loja,pago
p0239,2025-08-09 23:42:24,c075,pr0220,livros,5,718.58,3592.9,PE,da Luz,web,cancelado
p0240,2025-08-21 03:37:38,c172,pr0044,esportes,3,154.01,462.03,SP,Gonçalves,app,pendente
p0241,2025-08-07 22:39:09,c012,pr0326,roupas,3,522.23,1566.69,SP,Costela,app,pago
p0242,2025-08-17 19:41:46,c089,pr0124,beleza,1,1547.57,1547.57,RS,Costa,web,pago
p0243,2025-08-05 23:43:18,c091,pr0280,games,2,1664.16,3328.32,PR,da Rosa Paulista,loja,pendente
p0244,2025-08-14 09:49:49,c162,pr0094,eletronicos,1,1437.77,1437.77,PR,Sales do Sul,web,pendente
p0245,2025-08-23 07:25:48,c052,pr0023,eletronicos,1,644.88,644.88,BA,Gonçalves da Prata,loja,pendente
p0246,2025-08-22 06:41:58,c140,pr0243,games,1,1511.52,1511.52,CE,Costela Verde,app,pendente
p0247,2025-08-18 22:24:10,c200,pr0025,beleza,3,560.97,1682.91,RS,Moura do Galho,app,pendente
p0248,2025-08-13 03:54:00,c191,pr0226,roupas,3,1947.97,5843.91,PR,Mendes,loja,pendente
p0249,2025-07-30 23:08:06,c095,pr0474,esportes,3,1606.27,4818.81,PE,Campos,web,pendente
p0250,2025-08-08 07:27:11,c155,pr0422,eletronicos,5,601.66,3008.3,RJ,da Cruz da Mata,web,pendente
p0251,2025-07-31 02:55:03,c170,pr0152,games,4,1213.19,4852.76,PE,da Conceição,web,cancelado
p0252,2025-08-12 13:41:44,c114,pr0180,roupas,1,1459.09,1459.09,RS,Cavalcanti,loja,pendente
p0253,2025-07-26 17:35:39,c071,pr0328,livros,1,1348.94,1348.94,PE,Barbosa Grande,app,cancelado
p0254,2025-08-05 20:59:01,c192,pr0348,eletronicos,1,302.7,302.7,PR,Barros do Galho,web,pago
p0255,2025-07-30 21:04:46,c018,pr0121,beleza,3,737.06,2211.18,SP,Freitas do Galho,loja,pago
p0256,2025-08-04 11:24:06,c174,pr0231,games,3,899.0,2697.0,RJ,Azevedo do Galho,loja,pago
p0257,2025-08-13 21:15:45,c136,pr0188,roupas,3,1306.13,3918.39,CE,Moraes Verde,web,pago
p0258,2025-07-28 03:02:26,c189,pr0096,roupas,5,786.24,3931.2,RJ,Carvalho do Sul,app,pendente
p0259,2025-08-22 02:55:05,c181,pr0229,eletronicos,5,585.44,2927.2,PR,Caldeira do Oeste,web,pago
p0260,2025-08-18 06:56:10,c035,pr0437,livros,4,361.86,1447.44,PR,da Rosa,web,cancelado
p0261,2025-08-14 17:55:56,c082,pr0342,games,1,1108.99,1108.99,BA,Ramos do Galho,app,pago
p0262,2025-08-17 12:56:02,c183,pr0364,beleza,2,1591.52,3183.04,CE,da Mota,web,pago
p0263,2025-07-28 09:56:21,c036,pr0122,roupas,1,734.58,734.58,RS,Correia do Galho,app,cancelado
p0264,2025-07-26 16:47:41,c034,pr0314,livros,1,632.4,632.4,PR,Caldeira do Amparo,loja,pendente
p0265,2025-08-19 07:42:53,c197,pr0210,esportes,1,268.15,268.15,RS,da Conceição,loja,pago
p0266,2025-07-25 17:55:54,c116,pr0239,beleza,5,702.14,3510.7,MG,Rodrigues Alegre,web,pendente
p0267,2025-07-31 16:04:50,c129,pr0467,livros,1,1045.84,1045.84,BA,Moraes do Norte,web,pago
p0268,2025-08-13 04:55:21,c083,pr0479,beleza,2,705.13,1410.26,BA,Gomes da Serra,web,pendente
p0269,2025-08-13 08:39:23,c051,pr0326,esportes,3,267.84,803.52,BA,Correia,loja,cancelado
p0270,2025-08-16 07:43:28,c024,pr0258,beleza,2,1191.78,2383.56,MG,Barros da Prata,web,cancelado
p0271,2025-08-05 20:31:05,c160,pr0369,esportes,3,1688.21,5064.63,SP,da Cunha Verde,web,pago
p0272,2025-08-06 08:47:51,c012,pr0486,beleza,5,544.02,2720.1,CE,Nogueira,loja,pendente
p0273,2025-07-30 17:02:13,c159,pr0328,livros,4,1780.21,7120.84,BA,Pinto,loja,pendente
p0274,2025-08-09 14:22:40,c124,pr0126,beleza,4,608.92,2435.68,RJ,Teixeira da Serra,loja,pago
p0275,2025-08-23 08:28:04,c041,pr0226,roupas,4,939.6,3758.4,RS,Rezende da Serra,loja,pago
p0276,2025-08-22 00:40:41,c081,pr0442,beleza,3,1473.72,4421.16,RS,da Rocha,app,pago
p0277,2025-08-06 09:18:43,c195,pr0190,esportes,5,230.24,1151.2,CE,Mendes do Amparo,app,pago
p0278,2025-08-19 10:26:28,c069,pr0231,eletronicos,2,211.69,423.38,BA,Alves,app,cancelado
p0279,2025-08-01 01:38:11,c108,pr0128,eletronicos,3,1868.83,5606.49,RS,Cardoso da Prata,web,pago
p0280,2025-08-18 11:22:42,c128,pr0264,roupas,4,1760.57,7042.28,PR,Viana do Sul,web,pago
p0281,2025-08-13 03:36:50,c101,pr0259,roupas,2,445.99,891.98,RS,da Conceição das Flores,web,pago
p0282,2025-08-11 19:21:11,c073,pr0254,esportes,4,585.78,2343.12,SP,Campos,web,pendente
p0283,2025-08-08 08:53:36,c035,pr0452,games,3,1532.44,4597.32,RS,da Rosa,web,pendente
p0284,2025-08-04 12:47:29,c014,pr0292,esportes,2,737.8,1475.6,BA,Cardoso,web,pendente
p0285,2025-08-22 09:29:17,c130,pr0231,esportes,3,1654.12,4962.36,RJ,Farias,web,pago
p0286,2025-08-05 15:58:01,c101,pr0192,games,5,1879.12,9395.6,MG,Melo,web,cancelado
p0287,2025-08-17 05:29:58,c131,pr0206,esportes,1,109.7,109.7,MG,Costa,loja,pendente
p0288,2025-07-27 05:29:17,c122,pr0266,roupas,2,1220.4,2440.8,MG,Alves,app,cancelado
p0289,2025-08-01 10:27:49,c082,pr0084,roupas,5,1483.85,7419.25,BA,das Neves,loja,pendente
p0290,2025-08-17 22:09:20,c130,pr0425,esportes,5,989.9,4949.5,BA,Moraes,app,pago
p0291,2025-08-09 11:19:23,c095,pr0170,beleza,1,1960.2,1960.2,BA,Viana de Novaes,loja,cancelado
p0292,2025-08-09 05:50:51,c162,pr0014,esportes,4,545.75,2183.0,CE,da Cunha,loja,pago
p0293,2025-08-22 10:46:37,c150,pr0246,eletronicos,5,1265.47,6327.35,PE,Moreira,web,cancelado
p0294,2025-08-24 10:48:53,c063,pr0017,esportes,1,397.75,397.75,PR,da Conceição,app,pendente
p0295,2025-08-05 10:10:55,c039,pr0212,beleza,2,832.55,1665.1,PR,Pinto de Costela,loja,cancelado
p0296,2025-08-08 21:41:00,c016,pr0362,eletronicos,5,430.54,2152.7,RS,Moraes,loja,pendente
p0297,2025-08-22 22:50:36,c135,pr0193,games,2,930.13,1860.26,RS,Duarte dos Dourados,loja,pendente
p0298,2025-08-17 08:55:41,c174,pr0396,beleza,3,1227.95,3683.85,CE,Mendes de Fernandes,web,pendente
p0299,2025-08-14 06:15:40,c143,pr0153,eletronicos,3,1546.93,4640.79,CE,Lima,loja,cancelado
p0300,2025-07-31 22:24:08,c126,pr0163,roupas,3,1129.77,3389.31,BA,da Rosa das Flores,app,pago
p0301,2025-08-03 23:19:11,c147,pr0347,esportes,4,1793.61,7174.44,PE,Dias de Goiás,app,pago
p0302,2025-08-03 12:39:22,c075,pr0022,games,1,705.8,705.8,PR,da Luz,loja,pendente
p0303,2025-08-18 00:17:12,c192,pr0246,eletronicos,2,1659.34,3318.68,BA,Nascimento,loja,cancelado
p0304,2025-08-10 07:01:18,c070,pr0071,livros,5,1486.96,7434.8,CE,Castro da Praia,web,pago
p0305,2025-08-07 19:05:09,c172,pr0464,esportes,2,1283.13,2566.26,SP,Gomes Grande,web,pendente
p0306,2025-08-05 19:27:13,c085,pr0368,roupas,1,1368.76,1368.76,MG,Cavalcanti,web,cancelado
p0307,2025-08-21 07:50:53,c041,pr0209,beleza,4,965.35,3861.4,CE,Lima Verde,app,pendente
p0308,2025-07-30 19:24:25,c074,pr0331,livros,1,1311.55,1311.55,CE,Fogaça Paulista,loja,cancelado
p0309,2025-08-02 21:49:51,c186,pr0436,livros,2,847.41,1694.82,MG,da Cunha,web,pendente
p0310,2025-08-09 01:02:32,c127,pr0096,beleza,3,1755.95,5267.85,SP,Cardoso da Serra,app,cancelado
p0311,2025-08-07 14:20:50,c155,pr0055,games,3,919.61,2758.83,PR,Teixeira,web,cancelado
p0312,2025-08-16 00:46:54,c120,pr0140,eletronicos,1,674.75,674.75,PR,Pires Alegre,loja,pendente
p0313,2025-08-22 12:02:50,c184,pr0096,livros,3,1585.72,4757.16,CE,da Cunha do Sul,web,cancelado
p0314,2025-07-25 23:18:51,c164,pr0460,roupas,4,1040.26,4161.04,RJ,Moura,app,cancelado
p0315,2025-08-07 20:51:33,c025,pr0095,eletronicos,4,660.73,2642.92,CE,da Cruz,web,pendente
p0316,2025-08-06 16:07:58,c099,pr0121,roupas,3,1908.99,5726.97,BA,Alves,loja,cancelado
p0317,2025-08-10 13:26:04,c147,pr0006,games,3,1391.68,4175.04,SP,Cunha,loja,pago
p0318,2025-08-15 09:39:04,c120,pr0158,eletronicos,4,1378.43,5513.72,BA,da Mota,loja,pago
p0319,2025-08-06 20:45:57,c164,pr0470,games,3,1236.96,3710.88,CE,Nascimento de Lima,web,pendente
p0320,2025-08-05 08:27:18,c040,pr0233,beleza,5,759.78,3798.9,PR,Moraes de Barbosa,loja,cancelado
p0321,2025-08-17 08:19:03,c056,pr0391,eletronicos,5,1748.81,8744.05,RJ,Melo,loja,pendente
p0322,2025-08-13 11:04:37,c136,pr0361,games,1,1836.14,1836.14,RJ,Novaes,web,cancelado
p0323,2025-08-11 06:00:26,c130,pr0104,esportes,5,316.71,1583.55,RS,Castro de Goiás,loja,pendente
p0324,2025-08-08 22:52:47,c030,pr0349,eletronicos,5,987.88,4939.4,PR,Nogueira,web,pendente
p0325,2025-08-20 13:20:03,c034,pr0263,roupas,4,1136.54,4546.16,PR,da Rosa,loja,pendente
p0326,2025-08-15 22:01:50,c186,pr0012,roupas,3,1636.58,4909.74,CE,Silveira de Rocha,loja,pago
p0327,2025-08-21 00:15:58,c012,pr0217,games,1,1091.5,1091.5,SP,Nogueira,web,pendente
p0328,2025-08-09 11:01:41,c009,pr0147,roupas,2,1542.56,3085.12,PE,Ribeiro,app,pendente
p0329,2025-08-10 09:05:07,c115,pr0446,roupas,4,178.89,715.56,MG,Pires,loja,pendente
p0330,2025-08-21 04:49:06,c031,pr0092,esportes,4,1067.11,4268.44,CE,Nascimento Paulista,web,pago
p0331,2025-08-20 23:28:50,c077,pr0238,beleza,5,859.77,4298.85,PE,Azevedo Paulista,web,pago
p0332,2025-08-23 23:20:14,c118,pr0178,eletronicos,3,393.19,1179.57,RJ,da Luz,web,cancelado
p0333,2025-08-01 01:26:26,c108,pr0315,livros,2,428.04,856.08,RJ,Campos do Norte,loja,pago
p0334,2025-07-26 04:02:33,c115,pr0307,beleza,1,504.57,504.57,SP,Porto Alegre,app,pendente
p0335,2025-08-17 14:09:12,c060,pr0277,eletronicos,1,297.47,297.47,BA,da Costa,web,cancelado
p0336,2025-07-27 03:10:17,c148,pr0164,esportes,5,1549.63,7748.15,RS,Rodrigues do Galho,web,pendente
p0337,2025-08-18 08:06:54,c037,pr0339,esportes,2,838.85,1677.7,BA,Pinto,web,cancelado
p0338,2025-08-01 03:53:33,c152,pr0451,beleza,2,1259.47,2518.94,PE,da Cruz,loja,pendente
p0339,2025-07-26 09:49:16,c013,pr0498,games,4,1575.89,6303.56,RS,Nunes do Campo,loja,pendente
p0340,2025-07-31 02:13:52,c105,pr0077,games,4,384.08,1536.32,PR,Azevedo da Praia,web,pago
p0341,2025-08-06 23:27:54,c077,pr0440,beleza,2,1615.44,3230.88,SP,Lima de da Mota,loja,pendente
p0342,2025-08-08 19:05:41,c107,pr0286,esportes,2,789.07,1578.14,BA,Oliveira,web,pendente
p0343,2025-08-18 14:55:44,c166,pr0041,roupas,3,203.08,609.24,CE,Porto,web,pendente
p0344,2025-08-03 01:38:05,c097,pr0345,esportes,5,98.3,491.5,RJ,Rezende,web,cancelado
p0345,2025-08-21 18:21:59,c186,pr0344,esportes,2,969.2,1938.4,RS,da Luz da Prata,app,pago
p0346,2025-08-09 16:09:43,c055,pr0480,eletronicos,1,1498.82,1498.82,PR,Peixoto da Praia,web,cancelado
p0347,2025-08-09 21:26:43,c155,pr0361,eletronicos,4,1831.95,7327.8,RS,Melo do Sul,app,pendente
p0348,2025-08-03 01:30:32,c120,pr0274,beleza,3,630.68,1892.04,RS,Cardoso Grande,loja,pendente
p0349,2025-08-19 18:00:48,c120,pr0051,beleza,4,1528.03,6112.12,RS,Aragão do Norte,web,pendente
p0350,2025-08-22 20:12:27,c081,pr0212,livros,5,1730.89,8654.45,MG,Nascimento,web,pendente
p0351,2025-08-10 12:18:47,c142,pr0479,esportes,5,1445.62,7228.1,BA,Cardoso,web,pago
p0352,2025-08-04 04:30:53,c085,pr0118,roupas,5,1670.06,8350.3,PR,Rocha de da Conceição,loja,cancelado
p0353,2025-08-11 23:42:25,c176,pr0173,games,4,1933.69,7734.76,PR,Rezende,app,pago
p0354,2025-07-30 02:27:46,c188,pr0408,games,2,297.12,594.24,PR,da Mata,web,cancelado
p0355,2025-08-18 13:38:06,c165,pr0491,livros,5,86.97,434.85,RJ,da Costa,loja,pago
p0356,2025-08-12 11:40:18,c196,pr0004,roupas,2,1688.24,3376.48,CE,Gonçalves,web,cancelado
p0357,2025-08-16 02:58:56,c039,pr0005,eletronicos,5,922.9,4614.5,SP,Costela da Mata,loja,cancelado
p0358,2025-08-05 03:32:11,c171,pr0479,esportes,4,1325.38,5301.52,SP,Jesus,web,cancelado
p0359,2025-08-21 13:30:10,c142,pr0211,livros,1,1068.25,1068.25,BA,Martins,loja,pendente
p0360,2025-08-03 04:03:16,c005,pr0258,beleza,4,1616.21,6464.84,MG,Duarte do Norte,web,pago
p0361,2025-08-16 01:39:03,c135,pr0077,eletronicos,2,1247.17,2494.34,BA,da Conceição Paulista,app,pendente
p0362,2025-08-07 04:49:07,c102,pr0041,games,4,928.82,3715.28,CE,Carvalho de da Rocha,loja,pago
p0363,2025-08-03 11:41:40,c077,pr0351,livros,1,205.13,205.13,PE,Peixoto Verde,app,cancelado
p0364,2025-08-18 06:53:18,c122,pr0029,beleza,1,1411.63,1411.63,RJ,Viana,app,pendente
p0365,2025-08-12 11:13:48,c166,pr0402,games,5,1955.11,9775.55,RJ,Costela das Pedras,loja,pago
p0366,2025-08-01 10:02:37,c059,pr0109,beleza,5,961.49,4807.45,SP,Jesus,web,cancelado
p0367,2025-08-23 03:49:46,c072,pr0461,esportes,5,1323.06,6615.3,MG,Fogaça da Serra,app,pago
p0368,2025-07-25 15:39:17,c054,pr0301,eletronicos,4,1859.17,7436.68,BA,Lima,web,cancelado
p0369,2025-07-30 05:45:07,c062,pr0291,roupas,5,676.83,3384.15,MG,Rezende dos Dourados,loja,cancelado
p0370,2025-07-28 16:11:36,c021,pr0257,beleza,3,126.32,378.96,PE,Freitas,web,pago
p0371,2025-08-03 13:33:15,c088,pr0310,esportes,5,805.47,4027.35,RS,Pereira,web,cancelado
p0372,2025-08-07 08:33:27,c070,pr0402,roupas,4,471.71,1886.84,PE,Dias de Minas,app,pago
p0373,2025-07-31 05:48:46,c175,pr0300,beleza,4,189.67,758.68,BA,da Cruz do Oeste,web,cancelado
p0374,2025-07-31 16:39:17,c019,pr0043,games,2,772.4,1544.8,MG,Cunha,loja,pendente
p0375,2025-08-07 03:42:25,c082,pr0185,livros,1,30.29,30.29,BA,Peixoto,app,pendente
p0376,2025-07-29 14:02:33,c195,pr0139,livros,2,192.85,385.7,PE,Campos Alegre,app,cancelado
p0377,2025-08-05 19:03:33,c143,pr0263,roupas,1,72.0,72.0,RS,Rodrigues,loja,pago
p0378,2025-08-12 00:03:14,c153,pr0307,games,4,44.43,177.72,PE,Porto,app,pago
p0379,2025-07-28 14:49:37,c186,pr0462,esportes,2,1152.48,2304.96,MG,da Luz de Goiás,loja,pendente
p0380,2025-08-01 18:10:10,c044,pr0072,games,3,551.45,1654.35,MG,Ramos,web,pago
p0381,2025-08-12 18:53:24,c112,pr0142,roupas,3,978.78,2936.34,RJ,Castro da Serra,app,pendente
p0382,2025-08-02 12:10:44,c064,pr0370,beleza,4,1195.74,4782.96,CE,Gonçalves,app,pago
p0383,2025-08-24 07:32:59,c035,pr0156,livros,4,677.79,2711.16,PE,da Cunha,app,pendente
p0384,2025-08-11 20:50:03,c086,pr0221,beleza,5,289.53,1447.65,RS,Souza Paulista,loja,cancelado
p0385,2025-08-14 08:18:58,c052,pr0246,games,2,1929.86,3859.72,RS,Vieira,app,cancelado
p0386,2025-08-08 23:52:19,c178,pr0325,roupas,5,1568.31,7841.55,RS,Barros Alegre,app,pendente
p0387,2025-08-14 05:53:22,c101,pr0187,livros,5,415.6,2078.0,MG,Gomes Grande,loja,cancelado
p0388,2025-07-28 05:30:15,c007,pr0488,beleza,4,1887.09,7548.36,CE,Ramos,app,pendente
p0389,2025-08-21 18:53:13,c178,pr0036,roupas,4,295.57,1182.28,BA,Rocha,web,pendente
p0390,2025-08-19 04:17:14,c169,pr0079,beleza,4,1582.37,6329.48,RJ,Moreira da Mata,app,cancelado
p0391,2025-08-17 03:28:52,c123,pr0299,roupas,5,1023.09,5115.45,PE,da Rosa do Norte,loja,pago
p0392,2025-07-30 20:38:12,c093,pr0360,esportes,5,1283.6,6418.0,RJ,Sales Verde,web,pago
p0393,2025-07-26 18:08:07,c169,pr0341,games,2,1301.06,2602.12,SP,Lopes Verde,loja,cancelado
p0394,2025-07-27 05:24:10,c174,pr0332,roupas,3,1932.12,5796.36,PE,da Mota dos Dourados,web,pago
p0395,2025-07-29 08:47:14,c026,pr0133,eletronicos,5,1498.77,7493.85,CE,Gonçalves,app,pendente
p0396,2025-08-06 07:51:50,c101,pr0238,beleza,5,1387.07,6935.35,MG,da Rosa,app,pago
p0397,2025-08-23 19:31:45,c124,pr0054,games,4,1842.68,7370.72,RJ,Cardoso do Galho,web,cancelado
p0398,2025-08-05 22:04:00,c037,pr0179,games,3,921.56,2764.68,CE,Ramos das Pedras,loja,pendente
p0399,2025-07-25 22:27:43,c090,pr0244,livros,4,1449.55,5798.2,PR,Pinto das Flores,app,pago
p0400,2025-07-29 02:07:17,c077,pr0023,beleza,1,64.72,64.72,RS,Almeida do Galho,loja,pago
p0401,2025-08-18 18:48:15,c174,pr0410,eletronicos,2,1041.67,2083.34,MG,da Conceição,app,cancelado
p0402,2025-08-12 05:05:58,c110,pr0491,roupas,2,1599.56,3199.12,MG,Campos da Prata,web,cancelado
p0403,2025-08-11 23:31:38,c169,pr0222,roupas,1,1480.03,1480.03,CE,Gonçalves das Flores,app,cancelado
p0404,2025-08-09 12:39:13,c110,pr0200,livros,2,427.45,854.9,RJ,Oliveira,loja,pago
p0405,2025-08-22 13:22:44,c138,pr0096,games,3,410.21,1230.63,RJ,Alves da Mata,app,cancelado
p0406,2025-08-11 08:25:54,c126,pr0271,beleza,3,1202.0,3606.0,PE,Barros da Mata,loja,pago
p0407,2025-08-01 23:59:32,c090,pr0181,roupas,5,361.6,1808.0,BA,da Cunha dos Dourados,loja,cancelado
p0408,2025-08-01 06:38:30,c022,pr0345,eletronicos,3,253.37,760.11,BA,Souza de Correia,web,pago
p0409,2025-07-31 14:43:26,c096,pr0356,eletronicos,5,789.16,3945.8,MG,Lima,loja,pendente
p0410,2025-08-12 05:19:23,c109,pr0096,roupas,5,1393.0,6965.0,MG,Viana Alegre,loja,pago
p0411,2025-07-31 20:40:41,c126,pr0148,eletronicos,2,642.87,1285.74,PR,Caldeira de Minas,loja,pago
p0412,2025-08-18 08:39:16,c092,pr0488,livros,4,290.34,1161.36,PE,da Mata,loja,cancelado
p0413,2025-08-08 09:43:16,c168,pr0254,roupas,4,842.95,3371.8,PR,Ramos,app,pago
p0414,2025-08-01 19:09:59,c022,pr0290,livros,2,598.34,1196.68,BA,Barros,web,cancelado
p0415,2025-07-31 22:18:18,c074,pr0087,roupas,5,1490.19,7450.95,PR,Alves,loja,cancelado
p0416,2025-07-29 12:30:32,c029,pr0294,livros,3,1554.72,4664.16,RS,Cardoso,loja,pago
p0417,2025-07-31 01:15:57,c195,pr0369,roupas,5,452.71,2263.55,PE,da Cruz do Galho,web,cancelado
p0418,2025-08-16 23:05:16,c168,pr0385,eletronicos,3,1752.12,5256.36,SP,Pinto dos Dourados,app,pendente
p0419,2025-07-28 06:30:31,c090,pr0442,livros,4,1733.28,6933.12,RJ,Moura de Fogaça,web,pago
p0420,2025-08-13 03:08:41,c189,pr0302,beleza,3,1724.88,5174.64,PE,Peixoto da Praia,web,cancelado
p0421,2025-08-18 23:12:23,c036,pr0402,eletronicos,2,1614.77,3229.54,RS,Freitas Grande,loja,pendente
p0422,2025-07-25 19:35:43,c153,pr0276,eletronicos,3,1958.42,5875.26,BA,das Neves do Campo,app,cancelado
p0423,2025-08-15 19:59:18,c069,pr0488,esportes,1,288.47,288.47,PE,Costela do Sul,web,pendente
p0424,2025-08-17 23:28:55,c168,pr0065,beleza,2,514.36,1028.72,RS,Campos,web,cancelado
p0425,2025-07-31 17:51:38,c101,pr0251,eletronicos,5,1272.16,6360.8,PE,Dias,app,pendente
p0426,2025-08-17 17:26:30,c020,pr0325,livros,4,1040.91,4163.64,BA,Caldeira de Ferreira,loja,pendente
p0427,2025-08-03 00:11:19,c117,pr0487,roupas,3,1172.27,3516.81,RJ,Nascimento,loja,pendente
p0428,2025-08-15 12:21:43,c163,pr0341,beleza,3,1703.21,5109.63,PE,Barbosa,web,pendente
p0429,2025-07-30 01:51:09,c055,pr0254,games,3,1660.12,4980.36,RS,Alves de Mendes,loja,cancelado
p0430,2025-08-02 06:49:15,c034,pr0290,roupas,3,1790.43,5371.29,SP,Silveira do Sul,web,pago
p0431,2025-08-15 19:06:26,c161,pr0402,roupas,1,265.99,265.99,MG,Costa do Galho,app,pendente
p0432,2025-08-12 15:57:47,c001,pr0491,roupas,2,1991.47,3982.94,MG,Costela,loja,pendente
p0433,2025-08-01 14:08:02,c041,pr0448,games,1,1316.08,1316.08,BA,Rocha,web,pendente
p0434,2025-08-19 20:39:16,c171,pr0463,beleza,2,122.54,245.08,BA,Santos do Oeste,loja,cancelado
p0435,2025-08-19 19:24:19,c194,pr0120,roupas,1,1413.32,1413.32,SP,Peixoto,web,pendente
p0436,2025-07-29 21:47:55,c020,pr0068,esportes,2,1048.5,2097.0,PR,Vieira do Sul,web,pago
p0437,2025-07-25 23:38:45,c179,pr0176,livros,4,1394.18,5576.72,PR,Correia,web,pago
p0438,2025-08-01 23:00:36,c099,pr0046,beleza,1,224.34,224.34,RS,Dias,app,pago
p0439,2025-08-08 14:57:26,c098,pr0397,eletronicos,2,155.45,310.9,SP,Novaes Verde,loja,cancelado
p0440,2025-08-02 15:04:33,c043,pr0226,games,2,1263.6,2527.2,MG,Cunha,app,cancelado
p0441,2025-07-26 02:29:26,c176,pr0227,eletronicos,1,1795.25,1795.25,MG,Fogaça do Sul,web,cancelado
p0442,2025-08-20 12:57:06,c187,pr0197,games,4,642.72,2570.88,MG,Pires,web,pendente
p0443,2025-07-28 02:05:19,c166,pr0044,eletronicos,5,1209.98,6049.9,BA,Caldeira,loja,pago
p0444,2025-08-22 11:56:41,c169,pr0449,games,2,1045.14,2090.28,CE,Aragão,loja,pendente
p0445,2025-08-07 18:08:33,c076,pr0331,livros,2,999.88,1999.76,RJ,Caldeira,web,pendente
p0446,2025-08-03 07:56:03,c164,pr0305,livros,5,1779.67,8898.35,SP,Mendes das Flores,app,pendente
p0447,2025-08-06 17:35:42,c034,pr0199,esportes,4,743.52,2974.08,MG,Aragão,app,pago
p0448,2025-08-15 19:54:13,c005,pr0301,livros,1,539.13,539.13,SP,Farias,web,pendente
p0449,2025-08-19 15:48:30,c130,pr0147,beleza,5,1538.88,7694.4,PE,Moreira Paulista,loja,pendente
p0450,2025-08-07 16:03:40,c022,pr0328,esportes,5,1239.77,6198.85,BA,Nogueira Paulista,web,pendente
p0451,2025-08-04 19:00:00,c021,pr0262,eletronicos,2,1082.05,2164.1,PE,Azevedo,loja,cancelado
p0452,2025-08-19 00:47:31,c196,pr0428,beleza,1,634.14,634.14,PE,Santos,loja,pago
p0453,2025-08-21 14:16:11,c015,pr0126,livros,4,249.65,998.6,SP,Castro,app,cancelado
p0454,2025-08-19 14:28:17,c190,pr0337,beleza,2,256.5,513.0,MG,Barbosa de Minas,loja,pago
p0455,2025-07-31 14:24:08,c042,pr0255,games,5,1044.1,5220.5,BA,Costa,web,pendente
p0456,2025-08-01 11:16:13,c033,pr0384,games,1,1547.43,1547.43,SP,Moreira,app,pendente
p0457,2025-08-01 07:40:36,c070,pr0269,livros,3,1430.4,4291.2,RJ,Gomes,app,pendente
p0458,2025-07-27 00:38:01,c131,pr0185,livros,4,1721.53,6886.12,MG,Barbosa de Minas,app,pago
p0459,2025-08-18 02:05:46,c066,pr0396,livros,5,1354.76,6773.8,RJ,Viana de Ferreira,web,cancelado
p0460,2025-08-07 03:11:01,c131,pr0002,livros,1,504.21,504.21,PR,Costa da Prata,app,pendente
p0461,2025-08-22 22:47:08,c039,pr0092,livros,5,1610.17,8050.85,PE,Viana,web,pendente
p0462,2025-08-20 14:34:08,c064,pr0214,beleza,3,557.09,1671.27,RJ,Moura,loja,pendente
p0463,2025-08-14 02:51:14,c031,pr0258,beleza,1,375.1,375.1,SP,Aragão do Sul,app,pago
p0464,2025-08-08 19:06:21,c120,pr0444,games,3,668.06,2004.18,PR,Viana do Oeste,web,pendente
p0465,2025-08-22 01:50:22,c052,pr0150,esportes,3,1484.36,4453.08,CE,Monteiro,app,pendente
p0466,2025-07-31 08:50:54,c152,pr0498,roupas,2,1470.28,2940.56,CE,Nascimento de Moraes,web,pago
p0467,2025-08-02 18:41:54,c105,pr0013,eletronicos,5,705.92,3529.6,SP,Rodrigues dos Dourados,app,pago
p0468,2025-08-22 00:32:30,c195,pr0337,roupas,3,225.82,677.46,CE,da Luz da Mata,app,pendente
p0469,2025-08-08 02:22:33,c016,pr0498,eletronicos,3,204.19,612.57,CE,Fogaça,loja,pendente
p0470,2025-08-08 17:08:09,c180,pr0459,games,4,1949.62,7798.48,RJ,Gonçalves do Galho,loja,pago
p0471,2025-08-17 17:42:20,c130,pr0069,beleza,4,168.16,672.64,SP,Sales da Prata,app,cancelado
p0472,2025-08-07 14:58:56,c034,pr0122,games,3,1704.81,5114.43,PE,Moreira de Souza,loja,cancelado
p0473,2025-08-07 22:40:20,c084,pr0163,roupas,3,482.55,1447.65,CE,Nunes,web,cancelado
p0474,2025-08-04 11:00:02,c028,pr0080,livros,2,910.14,1820.28,RS,Carvalho,app,pago
p0475,2025-08-19 09:23:15,c138,pr0184,eletronicos,4,630.45,2521.8,BA,da Paz,web,pago
p0476,2025-08-08 18:50:40,c041,pr0414,beleza,3,1656.25,4968.75,SP,Nunes,web,pendente
p0477,2025-08-18 02:42:45,c038,pr0047,beleza,2,1937.43,3874.86,PE,Pereira,loja,pago
p0478,2025-07-27 04:43:08,c174,pr0154,games,2,81.54,163.08,PE,da Paz,app,cancelado
p0479,2025-08-07 14:29:05,c192,pr0282,eletronicos,1,934.85,934.85,MG,Oliveira,web,pago
p0480,2025-08-18 15:54:16,c016,pr0426,eletronicos,2,412.3,824.6,PE,Teixeira,app,cancelado
p0481,2025-08-04 04:23:50,c162,pr0481,beleza,1,1173.0,1173.0,BA,Rezende de Minas,web,pago
p0482,2025-08-07 14:39:41,c017,pr0102,beleza,4,1622.41,6489.64,RJ,Costa do Sul,app,pago
p0483,2025-08-10 22:34:39,c011,pr0483,roupas,1,352.62,352.62,PE,Campos,loja,pendente
p0484,2025-08-01 21:24:07,c128,pr0016,roupas,4,362.16,1448.64,CE,Peixoto de Vieira,web,pendente
p0485,2025-07-30 15:07:01,c072,pr0229,eletronicos,1,1235.93,1235.93,CE,Ramos de da Costa,loja,pendente
p0486,2025-07-27 11:32:08,c128,pr0211,esportes,4,140.74,562.96,BA,Oliveira do Sul,app,pago
p0487,2025-08-19 16:57:46,c108,pr0103,beleza,5,513.31,2566.55,SP,Pinto da Prata,app,cancelado
p0488,2025-07-28 17:04:14,c092,pr0246,esportes,4,701.19,2804.76,RS,Pires das Flores,app,pendente
p0489,2025-08-03 19:55:42,c047,pr0014,games,5,453.66,2268.3,BA,Ferreira do Norte,web,pendente
p0490,2025-08-20 09:06:17,c136,pr0184,esportes,2,1948.48,3896.96,RJ,Almeida da Praia,web,cancelado
p0491,2025-07-27 19:41:45,c062,pr0137,esportes,1,1532.82,1532.82,CE,Almeida,loja,pendente
p0492,2025-08-17 16:51:03,c091,pr0479,eletronicos,2,488.37,976.74,RS,Moraes,loja,cancelado
p0493,2025-08-10 12:49:00,c092,pr0468,esportes,1,1412.84,1412.84,RS,Dias,loja,cancelado
p0494,2025-07-26 21:39:51,c037,pr0289,eletronicos,4,1093.41,4373.64,MG,Silva de da Mata,app,pago
p0495,2025-08-09 00:55:06,c024,pr0029,eletronicos,5,453.24,2266.2,PR,Viana de Goiás,web,pendente
p0496,2025-08-03 20:23:46,c158,pr0104,eletronicos,3,1439.54,4318.62,RS,Martins,web,pago
p0497,2025-08-19 23:55:49,c038,pr0301,beleza,2,1553.25,3106.5,RS,Cardoso,web,pendente
p0498,2025-08-12 01:08:12,c181,pr0483,beleza,4,1180.31,4721.24,RS,da Conceição,app,pendente
p0499,2025-07-28 06:42:59,c035,pr0500,eletronicos,4,1587.85,6351.4,PR,Silveira de Mendes,loja,pendente
p0500,2025-08-16 00:07:26,c045,pr0363,esportes,5,1578.24,7891.2,CE,Duarte,loja,cancelado
p0501,2025-08-05 02:24:37,c045,pr0194,games,3,272.15,816.45,SP,Oliveira,loja,cancelado
p0502,2025-08-19 10:15:19,c101,pr0436,esportes,1,380.52,380.52,RS,Campos,loja,pago
p0503,2025-08-05 09:32:44,c164,pr0290,livros,4,298.47,1193.88,RJ,da Costa de Minas,web,pendente
p0504,2025-08-24 01:04:06,c082,pr0086,beleza,1,1646.89,1646.89,RS,Barbosa,app,pago
p0505,2025-08-15 09:15:42,c068,pr0108,eletronicos,1,713.95,713.95,RJ,Viana,loja,pago
p0506,2025-08-22 01:04:31,c013,pr0198,roupas,4,1938.82,7755.28,PE,Fogaça Paulista,app,pendente
p0507,2025-08-06 06:18:29,c090,pr0280,roupas,1,1661.04,1661.04,CE,Alves,web,pendente
p0508,2025-08-10 12:25:25,c019,pr0410,livros,3,59.75,179.25,BA,Cunha,web,pago
p0509,2025-08-16 15:31:22,c088,pr0088,roupas,2,1469.33,2938.66,RJ,Pinto de Carvalho,app,cancelado
p0510,2025-08-21 09:29:48,c158,pr0458,roupas,1,874.02,874.02,MG,Cunha,loja,pendente
p0511,2025-08-23 22:41:50,c041,pr0028,livros,3,426.99,1280.97,CE,Porto,app,cancelado
p0512,2025-08-03 11:43:00,c142,pr0370,beleza,5,545.22,2726.1,BA,Barros do Sul,app,pago
p0513,2025-08-19 06:16:03,c025,pr0026,roupas,5,1108.33,5541.65,PR,Sales do Norte,web,pago
p0514,2025-07-26 23:35:35,c093,pr0002,roupas,1,603.21,603.21,PR,da Cruz das Pedras,web,pago
p0515,2025-08-11 07:17:58,c007,pr0106,eletronicos,3,1954.57,5863.71,PR,Pereira,web,pendente
p0516,2025-07-31 02:00:57,c102,pr0242,roupas,3,200.45,601.35,PE,Souza de Martins,web,pendente
p0517,2025-08-15 14:56:14,c098,pr0190,eletronicos,4,108.34,433.36,PR,Castro,app,pendente
p0518,2025-08-23 16:59:52,c058,pr0429,games,5,142.05,710.25,RJ,Moraes,web,cancelado
p0519,2025-08-12 22:46:50,c089,pr0414,esportes,4,1942.0,7768.0,CE,da Luz de da Conceição,loja,pago
p0520,2025-08-11 13:03:50,c100,pr0420,esportes,4,1931.94,7727.76,PR,Lopes Paulista,loja,pago
p0521,2025-08-01 06:38:35,c122,pr0154,livros,4,1807.5,7230.0,SP,Vieira da Serra,loja,cancelado
p0522,2025-08-07 15:19:29,c133,pr0410,esportes,5,311.95,1559.75,PR,Porto,web,pago
p0523,2025-07-31 02:01:47,c055,pr0414,eletronicos,2,104.5,209.0,RJ,das Neves Alegre,loja,pendente
p0524,2025-08-06 00:55:03,c052,pr0422,beleza,2,1671.53,3343.06,BA,Correia,app,cancelado
p0525,2025-08-04 22:00:41,c018,pr0045,roupas,5,806.76,4033.8,RS,Gonçalves do Sul,app,cancelado
p0526,2025-08-02 03:10:38,c118,pr0470,livros,5,1183.4,5917.0,PE,Moura,web,pendente
p0527,2025-08-04 21:11:21,c039,pr0076,esportes,5,1173.7,5868.5,RJ,Peixoto,web,cancelado
p0528,2025-08-10 22:05:20,c200,pr0052,games,5,1762.67,8813.35,PE,da Rosa,app,pendente
p0529,2025-08-18 19:21:38,c168,pr0249,esportes,5,956.63,4783.15,MG,Viana,app,pendente
p0530,2025-08-11 13:33:13,c037,pr0317,esportes,4,96.79,387.16,RS,Gonçalves,loja,pago
p0531,2025-08-09 21:47:33,c013,pr0382,roupas,3,1796.12,5388.36,SP,da Rocha de Minas,app,pendente
p0532,2025-08-04 13:48:17,c080,pr0144,roupas,1,1945.54,1945.54,CE,Silva,web,pendente
p0533,2025-07-26 02:46:29,c191,pr0227,games,3,1463.02,4389.06,RJ,Duarte Verde,web,pendente
p0534,2025-08-23 00:52:36,c055,pr0468,roupas,4,1523.8,6095.2,RS,Costa,web,cancelado
p0535,2025-08-02 08:49:54,c041,pr0034,games,5,818.7,4093.5,SP,Rodrigues Verde,web,pago
p0536,2025-08-16 10:12:50,c052,pr0429,livros,2,85.48,170.96,SP,da Paz de Santos,app,cancelado
p0537,2025-08-12 01:09:02,c051,pr0141,games,4,1020.15,4080.6,RJ,Cavalcanti,loja,pago
p0538,2025-08-19 03:02:02,c062,pr0191,roupas,5,903.28,4516.4,PR,Castro de Porto,loja,cancelado
p0539,2025-07-28 05:23:12,c090,pr0177,eletronicos,3,1502.94,4508.82,RJ,Jesus,app,pago
p0540,2025-08-07 19:04:00,c099,pr0026,eletronicos,5,1564.06,7820.3,CE,Freitas do Campo,web,cancelado
p0541,2025-08-18 16:46:05,c058,pr0347,eletronicos,3,1310.14,3930.42,SP,Nogueira Grande,loja,pago
p0542,2025-08-05 10:30:41,c122,pr0467,eletronicos,2,1210.26,2420.52,SP,Fernandes,web,pendente
p0543,2025-08-24 03:01:33,c156,pr0413,games,3,859.14,2577.42,PE,Ferreira de Jesus,app,pendente
p0544,2025-08-12 03:37:33,c065,pr0112,roupas,3,1360.85,4082.55,PE,Sales,loja,pago
p0545,2025-07-31 21:19:00,c002,pr0262,beleza,3,1131.69,3395.07,BA,Correia,app,cancelado
p0546,2025-08-12 03:47:49,c028,pr0247,livros,3,1976.95,5930.85,RS,Porto,app,pendente
p0547,2025-08-17 10:26:02,c168,pr0365,beleza,3,392.95,1178.85,CE,da Mata de Novaes,web,cancelado
p0548,2025-08-12 18:22:19,c104,pr0339,games,2,1448.14,2896.28,PR,da Rosa do Sul,app,pendente
p0549,2025-08-17 19:59:07,c108,pr0208,roupas,1,1174.39,1174.39,CE,Rezende,app,cancelado
p0550,2025-08-16 10:37:20,c183,pr0114,beleza,5,1283.86,6419.3,PR,Souza de Goiás,loja,pendente
p0551,2025-08-19 10:27:24,c130,pr0154,eletronicos,5,378.65,1893.25,RJ,Souza Paulista,app,pago
p0552,2025-08-12 22:52:05,c190,pr0133,beleza,5,1530.58,7652.9,MG,Moreira de Moura,loja,pendente
p0553,2025-07-29 02:02:52,c168,pr0046,eletronicos,3,462.19,1386.57,BA,Duarte da Prata,app,pendente
p0554,2025-07-30 03:00:18,c096,pr0134,esportes,3,938.25,2814.75,RJ,Silva,app,pago
p0555,2025-07-30 14:30:43,c163,pr0299,esportes,5,161.01,805.05,CE,Souza de Minas,loja,pago
p0556,2025-08-11 08:13:03,c175,pr0196,esportes,3,837.95,2513.85,MG,da Costa da Praia,web,pago
p0557,2025-08-07 22:56:15,c088,pr0210,esportes,4,303.58,1214.32,MG,Rocha de Minas,web,pendente
p0558,2025-08-01 16:21:51,c086,pr0324,eletronicos,3,1276.31,3828.93,SP,Novaes,app,pendente
p0559,2025-08-20 23:18:55,c054,pr0390,eletronicos,5,1533.68,7668.4,PR,Costela,web,pago
p0560,2025-08-14 21:00:05,c158,pr0223,beleza,4,818.72,3274.88,PR,Ramos,app,pago
p0561,2025-08-20 14:27:36,c010,pr0274,eletronicos,3,1901.14,5703.42,RS,Farias,loja,pago
p0562,2025-08-15 08:06:44,c005,pr0347,livros,2,468.01,936.02,RS,Campos,app,pago
p0563,2025-08-14 17:09:24,c027,pr0197,esportes,5,626.11,3130.55,RJ,Barbosa,web,pendente
p0564,2025-08-01 23:45:21,c075,pr0234,beleza,5,1200.81,6004.05,RS,Ribeiro,app,cancelado
p0565,2025-08-19 10:26:40,c035,pr0176,roupas,3,1505.23,4515.69,MG,Correia,app,pago
p0566,2025-08-19 20:03:55,c059,pr0115,beleza,2,438.16,876.32,SP,Teixeira de Azevedo,loja,cancelado
p0567,2025-08-08 00:36:56,c044,pr0064,games,1,762.88,762.88,BA,Jesus da Prata,loja,cancelado
p0568,2025-08-10 03:35:48,c013,pr0305,livros,1,1314.06,1314.06,SP,Martins,web,cancelado
p0569,2025-08-07 01:31:54,c030,pr0214,roupas,4,264.72,1058.88,BA,Nogueira,app,cancelado
p0570,2025-08-11 17:59:36,c040,pr0106,beleza,1,616.21,616.21,RJ,das Neves de Porto,loja,cancelado
p0571,2025-08-13 12:35:01,c070,pr0319,esportes,2,849.27,1698.54,RJ,Cunha do Galho,loja,cancelado
p0572,2025-08-21 04:39:08,c159,pr0061,games,1,1573.82,1573.82,PR,Sales,web,cancelado
p0573,2025-08-10 06:30:47,c052,pr0399,games,5,1946.78,9733.9,RS,Freitas do Campo,loja,pendente
p0574,2025-08-02 08:58:13,c076,pr0083,livros,5,1002.78,5013.9,CE,Barbosa de Goiás,loja,pendente
p0575,2025-07-29 23:23:38,c085,pr0121,livros,1,1349.83,1349.83,RJ,da Mota,loja,cancelado
p0576,2025-08-13 16:09:36,c127,pr0077,livros,5,168.6,843.0,RJ,das Neves,app,cancelado
p0577,2025-07-25 23:35:00,c060,pr0234,games,3,939.27,2817.81,RJ,Barros,web,pago
p0578,2025-08-19 19:35:51,c075,pr0185,beleza,3,863.47,2590.41,RJ,Sales,web,pago
p0579,2025-08-12 19:26:14,c003,pr0437,eletronicos,2,670.75,1341.5,PR,Silva,loja,pendente
p0580,2025-08-02 00:40:45,c188,pr0048,games,3,382.08,1146.24,PE,Fogaça do Oeste,app,pendente
p0581,2025-08-19 09:33:44,c070,pr0428,roupas,4,1603.8,6415.2,MG,Araújo,web,pago
p0582,2025-07-30 11:33:48,c179,pr0372,livros,2,225.35,450.7,PR,da Luz de Araújo,loja,cancelado
p0583,2025-08-05 14:23:02,c113,pr0093,esportes,4,1562.75,6251.0,SP,Costela,loja,cancelado
p0584,2025-08-08 08:49:46,c034,pr0248,roupas,1,1777.44,1777.44,PR,Costa de da Rocha,web,pago
p0585,2025-08-16 14:46:44,c067,pr0336,games,1,1415.04,1415.04,CE,Vieira da Serra,loja,pendente
p0586,2025-08-15 04:18:30,c133,pr0268,beleza,5,208.58,1042.9,CE,Silva de da Rocha,app,pendente
p0587,2025-08-12 12:21:04,c170,pr0347,beleza,4,314.34,1257.36,SP,Dias da Mata,web,cancelado
p0588,2025-07-27 13:33:44,c041,pr0259,roupas,4,1741.44,6965.76,RJ,Mendes,app,pendente
p0589,2025-08-20 03:44:43,c062,pr0170,games,1,1023.72,1023.72,PE,Viana,app,pago
p0590,2025-08-19 05:14:45,c021,pr0236,roupas,5,907.24,4536.2,PR,Fogaça Verde,app,pendente
p0591,2025-08-17 02:04:42,c031,pr0255,beleza,1,223.23,223.23,PE,Barros,web,cancelado
p0592,2025-08-23 22:15:41,c141,pr0001,livros,5,1927.08,9635.4,BA,Mendes,loja,cancelado
p0593,2025-08-05 17:24:28,c053,pr0336,beleza,4,1901.7,7606.8,RS,Silveira,web,pago
p0594,2025-08-10 05:16:36,c117,pr0170,esportes,5,1207.9,6039.5,RS,Ferreira,loja,pendente
p0595,2025-08-08 10:03:57,c030,pr0050,beleza,2,24.35,48.7,RS,Lima,loja,pendente
p0596,2025-08-17 20:20:44,c141,pr0268,games,1,110.64,110.64,MG,Santos,app,pago
p0597,2025-07-26 03:03:12,c184,pr0381,beleza,4,231.78,927.12,CE,Costa Grande,web,pago
p0598,2025-08-13 09:16:02,c101,pr0111,roupas,2,1439.24,2878.48,RJ,Ferreira das Pedras,app,pago
p0599,2025-07-30 15:59:26,c163,pr0429,beleza,5,263.97,1319.85,PR,da Conceição,app,cancelado
p0600,2025-08-19 04:23:02,c151,pr0490,esportes,2,1928.43,3856.86,SP,da Cunha de da Cunha,loja,cancelado
p0601,2025-08-22 12:31:53,c013,pr0284,roupas,5,976.21,4881.05,MG,Duarte,loja,cancelado
p0602,2025-08-20 23:57:33,c045,pr0375,eletronicos,1,787.06,787.06,RS,Teixeira,loja,pendente
p0603,2025-08-12 11:17:40,c108,pr0312,beleza,2,561.72,1123.44,RS,Nascimento da Prata,app,pendente
p0604,2025-07-31 03:42:28,c035,pr0071,roupas,5,1406.03,7030.15,BA,Vieira do Campo,loja,cancelado
p0605,2025-08-08 07:16:24,c081,pr0365,beleza,5,1272.51,6362.55,CE,Lopes das Flores,web,cancelado
p0606,2025-08-13 07:40:00,c183,pr0149,beleza,3,1843.96,5531.88,MG,Ribeiro das Pedras,loja,cancelado
p0607,2025-07-27 15:48:54,c046,pr0258,esportes,3,1426.5,4279.5,RS,Freitas do Amparo,loja,pendente
p0608,2025-08-03 11:02:08,c150,pr0293,beleza,4,1355.0,5420.0,BA,Carvalho,app,pago
p0609,2025-08-03 12:08:01,c134,pr0055,livros,4,307.75,1231.0,SP,Cardoso,web,pendente
p0610,2025-08-20 22:25:33,c193,pr0403,eletronicos,3,1373.11,4119.33,MG,Nunes,web,cancelado
p0611,2025-08-08 02:27:42,c076,pr0105,esportes,1,730.19,730.19,PR,Gomes dos Dourados,web,cancelado
p0612,2025-08-05 21:05:09,c173,pr0379,esportes,2,1489.98,2979.96,PE,Pires de Gomes,web,cancelado
p0613,2025-08-08 08:17:09,c179,pr0148,beleza,1,1854.44,1854.44,PE,Nogueira,app,cancelado
p0614,2025-08-21 18:15:02,c081,pr0495,esportes,1,45.67,45.67,BA,Cardoso,web,cancelado
p0615,2025-08-14 13:40:00,c200,pr0441,roupas,2,1824.74,3649.48,RS,Gomes,loja,cancelado
p0616,2025-08-11 08:43:09,c190,pr0309,eletronicos,2,602.47,1204.94,MG,Peixoto do Galho,loja,pago
p0617,2025-08-19 05:40:22,c048,pr0493,eletronicos,5,256.32,1281.6,SP,Cavalcanti,app,pendente
p0618,2025-08-11 16:06:17,c143,pr0136,eletronicos,2,1176.29,2352.58,BA,Correia do Sul,web,pendente
p0619,2025-08-21 02:03:27,c120,pr0364,eletronicos,1,324.33,324.33,RS,Carvalho do Amparo,loja,pago
p0620,2025-08-04 04:10:29,c199,pr0478,beleza,5,1689.42,8447.1,BA,Lopes de Moreira,app,cancelado
p0621,2025-08-24 06:46:56,c141,pr0184,livros,3,1060.28,3180.84,MG,Gomes,loja,pago
p0622,2025-08-17 05:19:39,c130,pr0082,roupas,5,1083.33,5416.65,RJ,da Rocha de da Paz,app,pago
p0623,2025-08-21 02:43:25,c055,pr0340,games,3,734.38,2203.14,CE,Silveira,loja,cancelado
p0624,2025-08-12 11:25:51,c122,pr0288,beleza,1,247.15,247.15,RS,Monteiro,app,pago
p0625,2025-08-15 23:15:57,c165,pr0315,esportes,2,1918.62,3837.24,RS,da Mota do Amparo,app,pago
p0626,2025-08-22 17:37:53,c099,pr0132,esportes,3,68.92,206.76,RS,Martins das Flores,loja,cancelado
p0627,2025-08-22 13:51:48,c115,pr0250,livros,3,1798.6,5395.8,CE,da Mata,app,cancelado
p0628,2025-07-25 21:20:49,c022,pr0486,livros,2,1943.82,3887.64,SP,Santos,loja,pago
p0629,2025-07-30 12:00:10,c054,pr0344,beleza,2,1732.6,3465.2,PE,Almeida Alegre,web,pago
p0630,2025-08-01 12:18:06,c138,pr0425,beleza,4,1300.19,5200.76,RJ,Nascimento,loja,cancelado
p0631,2025-08-04 04:34:25,c040,pr0013,roupas,3,95.01,285.03,RJ,das Neves,web,pago
p0632,2025-07-29 11:42:22,c065,pr0286,livros,5,1646.81,8234.05,BA,Rezende,app,pendente
p0633,2025-08-20 09:18:45,c116,pr0323,roupas,4,646.48,2585.92,PE,Almeida Alegre,loja,pago
p0634,2025-07-29 15:07:44,c137,pr0004,beleza,5,145.21,726.05,SP,Costela,loja,pago
p0635,2025-08-16 03:53:42,c092,pr0476,esportes,1,593.88,593.88,BA,Barbosa,loja,pago
p0636,2025-08-11 13:31:49,c073,pr0392,roupas,4,802.32,3209.28,SP,Nogueira dos Dourados,app,pago
p0637,2025-08-19 20:17:07,c137,pr0113,eletronicos,4,1597.61,6390.44,BA,Castro de Duarte,loja,pago
p0638,2025-08-17 00:31:18,c077,pr0347,beleza,3,1915.64,5746.92,SP,Costela,loja,cancelado
p0639,2025-08-17 13:44:18,c037,pr0064,livros,1,1153.98,1153.98,PE,Martins,loja,cancelado
p0640,2025-08-04 18:35:42,c022,pr0157,eletronicos,3,439.24,1317.72,MG,Correia da Praia,web,pago
p0641,2025-07-27 11:06:00,c057,pr0316,games,2,246.95,493.9,SP,Barros,loja,pendente
p0642,2025-08-19 08:15:58,c166,pr0282,livros,3,1349.94,4049.82,BA,Silva,web,pago
p0643,2025-08-18 17:32:24,c186,pr0298,roupas,3,727.13,2181.39,CE,da Paz do Norte,web,pendente
p0644,2025-08-19 22:22:08,c159,pr0036,eletronicos,3,982.01,2946.03,RS,Pires do Oeste,loja,cancelado
p0645,2025-08-19 01:35:49,c079,pr0356,esportes,2,1139.79,2279.58,RS,da Rosa da Mata,app,pendente
p0646,2025-08-01 16:50:47,c044,pr0003,games,2,1575.61,3151.22,PE,Moraes,app,pendente
p0647,2025-08-21 13:37:21,c035,pr0348,beleza,3,1758.21,5274.63,PR,Vieira,app,pendente
p0648,2025-08-19 20:16:34,c199,pr0157,roupas,5,235.49,1177.45,RJ,Porto,app,pago
p0649,2025-07-28 00:41:13,c138,pr0101,games,1,1460.3,1460.3,SP,Caldeira da Serra,loja,cancelado
p0650,2025-08-16 20:30:11,c008,pr0417,esportes,5,822.17,4110.85,CE,da Paz,web,cancelado
p0651,2025-08-20 20:55:48,c067,pr0279,esportes,4,1314.74,5258.96,MG,Gonçalves,app,pendente
p0652,2025-08-19 10:14:17,c058,pr0457,esportes,3,285.08,855.24,RJ,Rodrigues do Amparo,app,pendente
p0653,2025-08-23 18:01:56,c129,pr0006,beleza,2,1699.0,3398.0,MG,Cavalcanti,loja,pago
p0654,2025-08-11 17:34:10,c115,pr0082,eletronicos,5,1898.45,9492.25,MG,Rezende,loja,cancelado
p0655,2025-08-07 14:15:18,c124,pr0481,games,1,453.26,453.26,PR,Lopes do Sul,web,pago
p0656,2025-08-20 18:17:02,c068,pr0190,eletronicos,1,1343.8,1343.8,RS,Correia,app,pendente
p0657,2025-08-14 10:54:28,c117,pr0452,livros,1,1961.57,1961.57,RS,Fogaça de Porto,web,cancelado
p0658,2025-08-04 02:03:25,c134,pr0325,games,3,1165.69,3497.07,MG,Melo da Praia,app,cancelado
p0659,2025-08-07 15:56:43,c097,pr0188,esportes,1,1042.99,1042.99,PE,Lima,web,cancelado
p0660,2025-07-26 22:31:20,c104,pr0181,games,4,1589.46,6357.84,SP,da Costa de Minas,loja,pago
p0661,2025-08-14 22:04:04,c113,pr0085,eletronicos,1,1038.79,1038.79,BA,da Rocha da Prata,web,pago
p0662,2025-08-20 22:15:36,c048,pr0081,games,5,1440.26,7201.3,RJ,Costela de Cardoso,loja,pago
p0663,2025-08-14 02:55:48,c107,pr0416,games,1,973.4,973.4,PR,Rezende Alegre,app,pago
p0664,2025-07-31 17:41:27,c152,pr0083,beleza,4,64.44,257.76,SP,Alves,web,cancelado
p0665,2025-08-11 02:10:11,c152,pr0083,eletronicos,5,97.6,488.0,MG,Silva Verde,web,pago
p0666,2025-08-21 19:24:54,c067,pr0473,eletronicos,5,1917.31,9586.55,SP,Oliveira,loja,cancelado
p0667,2025-07-27 02:05:15,c170,pr0421,games,1,448.85,448.85,PR,Rocha,app,pago
p0668,2025-07-26 17:26:55,c057,pr0426,roupas,5,302.57,1512.85,MG,da Paz Alegre,loja,cancelado
p0669,2025-08-05 08:30:21,c131,pr0136,eletronicos,3,1846.26,5538.78,RJ,Jesus de Barros,web,pendente
p0670,2025-08-10 23:12:58,c099,pr0068,livros,1,420.65,420.65,PE,Moreira de da Mata,web,cancelado
p0671,2025-08-06 17:34:16,c025,pr0091,roupas,5,1207.63,6038.15,RJ,da Paz,web,pendente
p0672,2025-08-02 13:19:12,c169,pr0067,esportes,5,1658.49,8292.45,PE,Rodrigues,loja,pendente
p0673,2025-07-25 14:26:26,c095,pr0448,livros,5,869.33,4346.65,PR,Gonçalves de Viana,app,pendente
p0674,2025-07-28 01:32:29,c151,pr0412,beleza,5,213.48,1067.4,MG,Nogueira,app,pendente
p0675,2025-08-19 03:58:29,c197,pr0120,livros,3,1204.62,3613.86,PE,Viana,app,pago
p0676,2025-07-28 15:03:20,c002,pr0364,beleza,1,1164.41,1164.41,RJ,Porto do Campo,loja,pago
p0677,2025-08-18 18:36:40,c097,pr0336,eletronicos,3,829.51,2488.53,RJ,da Cunha,web,pendente
p0678,2025-08-07 21:46:17,c167,pr0300,games,3,1712.85,5138.55,PE,Castro,loja,pendente
p0679,2025-08-14 06:39:31,c157,pr0142,beleza,4,1514.84,6059.36,PE,Monteiro de Moraes,loja,cancelado
p0680,2025-08-09 23:05:49,c124,pr0092,games,5,1118.72,5593.6,BA,da Rosa de da Conceição,app,cancelado
p0681,2025-08-16 17:33:08,c089,pr0397,beleza,4,1476.85,5907.4,RJ,Peixoto,loja,pago
p0682,2025-08-06 01:37:32,c115,pr0401,beleza,2,218.55,437.1,PE,Rezende de da Conceição,app,cancelado
p0683,2025-08-18 15:09:51,c158,pr0357,beleza,1,338.26,338.26,SP,Correia do Campo,web,pago
p0684,2025-08-20 23:08:54,c121,pr0475,esportes,4,194.52,778.08,BA,Ferreira Grande,web,pendente
p0685,2025-08-09 09:56:22,c021,pr0312,livros,4,1862.76,7451.04,PE,Porto,loja,cancelado
p0686,2025-08-19 11:20:48,c134,pr0147,beleza,5,133.78,668.9,MG,Nascimento de Barbosa,loja,pendente
p0687,2025-08-06 08:21:03,c113,pr0006,eletronicos,5,586.29,2931.45,SP,Silveira de Nunes,loja,cancelado
p0688,2025-08-10 06:53:33,c133,pr0358,eletronicos,5,355.58,1777.9,SP,Ramos do Sul,app,pago
p0689,2025-08-02 08:40:15,c168,pr0001,eletronicos,1,1993.7,1993.7,PE,Vieira,app,cancelado
p0690,2025-08-22 15:18:14,c102,pr0208,esportes,2,1045.13,2090.26,RJ,da Mata,web,cancelado
p0691,2025-08-03 05:15:10,c073,pr0372,esportes,5,709.23,3546.15,BA,Ribeiro,web,cancelado
p0692,2025-08-04 15:35:29,c050,pr0233,roupas,5,29.21,146.05,MG,Rezende Alegre,app,cancelado
p0693,2025-08-23 10:25:40,c028,pr0287,livros,5,602.62,3013.1,RJ,Costela,loja,pendente
p0694,2025-07-28 23:23:12,c138,pr0417,esportes,3,1394.5,4183.5,PE,Cavalcanti do Campo,loja,pendente
p0695,2025-08-08 07:50:41,c198,pr0125,games,4,1369.56,5478.24,SP,Nascimento,app,pago
p0696,2025-08-12 04:23:08,c067,pr0035,roupas,2,1360.29,2720.58,CE,Moreira do Galho,app,pendente
p0697,2025-08-08 07:43:39,c091,pr0265,esportes,1,1407.62,1407.62,BA,Martins das Flores,web,pendente
p0698,2025-08-21 16:45:31,c024,pr0205,beleza,3,170.54,511.62,MG,Melo,app,pendente
p0699,2025-08-14 03:33:49,c091,pr0112,esportes,3,381.91,1145.73,CE,Castro,app,cancelado
p0700,2025-07-29 21:55:30,c052,pr0121,beleza,2,1748.03,3496.06,CE,Costela,web,pago
p0701,2025-08-18 05:44:41,c064,pr0429,esportes,3,328.87,986.61,RJ,Rezende,web,pago
p0702,2025-08-13 20:31:39,c174,pr0490,beleza,4,1235.38,4941.52,SP,Costela das Flores,app,pendente
p0703,2025-08-04 08:21:01,c159,pr0162,roupas,5,1740.16,8700.8,PR,Fogaça de Goiás,web,cancelado
p0704,2025-08-04 06:32:46,c072,pr0204,eletronicos,5,273.93,1369.65,PE,Novaes,app,cancelado
p0705,2025-08-08 07:35:04,c009,pr0258,games,4,1723.59,6894.36,MG,Caldeira de Goiás,app,pago
p0706,2025-08-17 18:49:22,c179,pr0266,roupas,3,1384.64,4153.92,SP,Barbosa,loja,pago
p0707,2025-08-01 20:23:39,c098,pr0298,livros,3,735.97,2207.91,BA,Duarte do Campo,web,cancelado
p0708,2025-08-13 04:27:39,c068,pr0122,games,4,1917.88,7671.52,RS,Pires,app,pago
p0709,2025-08-15 06:58:08,c128,pr0218,eletronicos,4,1407.41,5629.64,RS,da Costa Paulista,app,pendente
p0710,2025-08-09 13:00:16,c072,pr0231,eletronicos,5,279.66,1398.3,CE,Duarte Verde,web,cancelado
p0711,2025-08-11 19:57:09,c070,pr0412,eletronicos,5,875.79,4378.95,PE,Novaes de Castro,web,pago
p0712,2025-08-08 09:39:19,c190,pr0077,roupas,1,369.68,369.68,PR,Rezende,web,cancelado
p0713,2025-08-02 17:25:11,c133,pr0274,beleza,3,1574.96,4724.88,BA,Pereira,app,cancelado
p0714,2025-08-24 10:15:16,c146,pr0025,roupas,1,1387.28,1387.28,SP,Freitas,web,pendente
p0715,2025-07-28 21:35:44,c122,pr0430,beleza,1,910.71,910.71,RS,Aragão,app,pendente
p0716,2025-08-09 16:01:16,c093,pr0287,esportes,3,701.4,2104.2,PE,Pereira Verde,web,pendente
p0717,2025-08-08 06:49:18,c174,pr0494,esportes,2,1162.17,2324.34,MG,Araújo,app,pendente
p0718,2025-08-20 00:46:49,c084,pr0345,esportes,4,1553.99,6215.96,PR,Castro da Praia,web,pendente
p0719,2025-08-03 12:48:26,c158,pr0147,roupas,2,1739.15,3478.3,RS,Gonçalves do Campo,app,cancelado
p0720,2025-08-02 07:07:29,c157,pr0293,roupas,1,176.64,176.64,RS,da Rocha,web,pendente
p0721,2025-08-05 01:15:53,c082,pr0335,games,3,1218.66,3655.98,PE,Mendes dos Dourados,app,pendente
p0722,2025-08-15 01:13:39,c200,pr0442,games,5,1051.45,5257.25,PR,Peixoto da Praia,app,pago
p0723,2025-08-03 01:43:52,c048,pr0438,livros,2,1460.99,2921.98,BA,Mendes de Viana,loja,cancelado
p0724,2025-08-04 08:25:21,c192,pr0041,eletronicos,2,806.15,1612.3,RJ,Viana,web,pendente
p0725,2025-08-20 03:49:25,c141,pr0028,livros,4,1057.49,4229.96,RJ,Teixeira Verde,web,pendente
p0726,2025-08-11 13:32:18,c159,pr0080,livros,4,632.55,2530.2,CE,Cardoso,loja,pendente
p0727,2025-07-30 14:13:22,c114,pr0321,eletronicos,2,1062.95,2125.9,MG,Silva Paulista,web,pago
p0728,2025-08-18 08:25:39,c170,pr0183,games,4,945.04,3780.16,BA,Sales,loja,pendente
p0729,2025-07-30 12:02:08,c035,pr0497,beleza,5,370.53,1852.65,PR,Fogaça de Nascimento,loja,cancelado
p0730,2025-08-04 11:22:30,c163,pr0450,esportes,4,1056.45,4225.8,BA,Aragão das Pedras,app,pendente
p0731,2025-08-06 06:23:07,c139,pr0117,livros,4,629.58,2518.32,PE,Alves da Prata,app,pago
p0732,2025-08-16 14:49:02,c078,pr0006,livros,5,1634.45,8172.25,MG,Costa de Nascimento,app,pendente
p0733,2025-08-23 02:08:19,c121,pr0274,livros,4,1894.98,7579.92,PR,da Mota de Fogaça,app,pago
p0734,2025-08-12 08:56:16,c197,pr0221,games,5,477.81,2389.05,SP,Gonçalves,loja,pendente
p0735,2025-08-20 05:31:03,c049,pr0211,esportes,4,801.61,3206.44,MG,Monteiro da Serra,loja,cancelado
p0736,2025-08-04 07:27:52,c166,pr0200,roupas,2,540.7,1081.4,PE,Moura,loja,pago
p0737,2025-07-27 20:39:47,c133,pr0392,esportes,3,583.66,1750.98,BA,Gomes,app,pago
p0738,2025-08-18 18:51:30,c018,pr0094,eletronicos,3,238.51,715.53,PR,Gomes,loja,pendente
p0739,2025-07-28 18:52:24,c070,pr0359,esportes,4,391.82,1567.28,SP,Carvalho Grande,web,pago
p0740,2025-08-12 04:47:18,c137,pr0012,eletronicos,1,578.59,578.59,MG,Nascimento do Amparo,loja,pendente
p0741,2025-07-27 11:42:30,c187,pr0005,eletronicos,1,318.35,318.35,PR,Costa Alegre,web,pendente
p0742,2025-08-09 18:55:35,c108,pr0160,roupas,3,938.1,2814.3,SP,Cardoso do Oeste,app,pago
p0743,2025-08-06 01:45:59,c193,pr0488,eletronicos,1,547.68,547.68,PE,Moraes de Alves,web,cancelado
p0744,2025-08-09 13:57:54,c121,pr0093,eletronicos,3,1638.16,4914.48,SP,da Cruz,web,cancelado
p0745,2025-08-05 08:51:09,c064,pr0198,roupas,2,1480.49,2960.98,SP,Ramos,web,pendente
p0746,2025-07-30 21:06:12,c189,pr0395,livros,5,1338.7,6693.5,CE,Araújo de Lima,app,pendente
p0747,2025-08-05 20:25:15,c175,pr0493,games,3,334.05,1002.15,SP,Freitas,loja,cancelado
p0748,2025-08-23 02:05:40,c134,pr0063,games,4,1284.27,5137.08,CE,da Paz Alegre,app,pago
p0749,2025-08-03 18:46:45,c171,pr0112,livros,2,1273.16,2546.32,RS,Vieira Alegre,web,pago
p0750,2025-08-09 05:26:36,c071,pr0300,livros,4,1582.5,6330.0,SP,da Conceição de Pinto,web,cancelado
p0751,2025-08-19 06:29:26,c177,pr0244,beleza,5,326.88,1634.4,RJ,Dias,web,pago
p0752,2025-08-18 15:13:50,c128,pr0047,beleza,5,690.08,3450.4,SP,Dias,web,pendente
p0753,2025-08-18 00:53:57,c166,pr0079,beleza,5,1587.1,7935.5,MG,Araújo Verde,app,pago
p0754,2025-07-29 11:17:44,c082,pr0286,beleza,3,1614.94,4844.82,PR,Farias,loja,pago
p0755,2025-08-16 03:20:45,c006,pr0353,roupas,3,1454.31,4362.93,BA,da Paz do Sul,web,pendente
p0756,2025-08-02 01:32:24,c181,pr0225,esportes,3,1094.61,3283.83,PR,Silva de Jesus,web,cancelado
p0757,2025-08-05 04:42:13,c048,pr0279,games,3,1470.16,4410.48,BA,da Mota,loja,cancelado
p0758,2025-08-02 18:57:21,c042,pr0036,esportes,2,909.78,1819.56,BA,da Rocha,loja,pendente
p0759,2025-08-17 02:41:14,c117,pr0001,beleza,5,770.51,3852.55,MG,Pereira da Praia,web,cancelado
p0760,2025-08-02 08:44:15,c094,pr0398,esportes,2,654.97,1309.94,RJ,das Neves de Minas,loja,cancelado
p0761,2025-08-16 07:47:30,c100,pr0098,esportes,4,1536.15,6144.6,MG,Lima,loja,pendente
p0762,2025-08-05 19:54:41,c083,pr0210,beleza,3,238.72,716.16,RJ,Cardoso,web,pago
p0763,2025-08-18 07:51:39,c046,pr0448,livros,2,231.97,463.94,CE,Viana de Freitas,web,pago
p0764,2025-08-14 23:02:17,c147,pr0329,roupas,4,1061.13,4244.52,BA,Porto,web,pendente
p0765,2025-08-02 05:53:43,c057,pr0311,beleza,1,45.91,45.91,CE,Cardoso,loja,pendente
p0766,2025-07-26 17:41:58,c021,pr0240,beleza,1,734.63,734.63,PE,Souza da Serra,app,cancelado
p0767,2025-08-11 13:25:06,c015,pr0422,esportes,3,1067.46,3202.38,RJ,da Conceição da Praia,app,pago
p0768,2025-07-29 17:39:58,c056,pr0492,esportes,1,220.43,220.43,CE,Santos,loja,pendente
p0769,2025-07-31 11:01:34,c049,pr0099,esportes,2,1148.65,2297.3,MG,Silva,loja,cancelado
p0770,2025-08-16 07:29:01,c143,pr0213,beleza,1,1537.24,1537.24,RS,Nunes,loja,pendente
p0771,2025-08-23 05:24:13,c180,pr0341,roupas,1,350.28,350.28,MG,da Rocha,loja,pendente
p0772,2025-08-09 14:26:47,c130,pr0173,beleza,2,1077.12,2154.24,PR,Araújo,app,pendente
p0773,2025-08-06 19:07:44,c141,pr0167,games,4,1533.09,6132.36,PE,Cardoso,loja,pendente
p0774,2025-08-02 00:28:38,c156,pr0124,esportes,5,443.58,2217.9,BA,Costela,app,pendente
p0775,2025-08-13 20:06:09,c115,pr0492,roupas,1,1458.1,1458.1,BA,Oliveira,loja,pago
p0776,2025-07-31 11:11:03,c133,pr0070,games,1,614.66,614.66,CE,da Luz de Goiás,web,pendente
p0777,2025-08-23 20:22:38,c006,pr0396,beleza,3,1839.84,5519.52,MG,Jesus das Pedras,web,pago
p0778,2025-08-14 20:44:51,c118,pr0183,eletronicos,2,544.68,1089.36,CE,Mendes,web,pendente
p0779,2025-08-11 05:18:35,c077,pr0048,esportes,4,1146.75,4587.0,CE,Souza,loja,pago
p0780,2025-08-21 00:35:25,c186,pr0167,roupas,2,986.79,1973.58,RJ,Jesus,loja,cancelado
p0781,2025-08-04 06:38:28,c077,pr0020,beleza,5,775.46,3877.3,SP,da Costa do Sul,app,pendente
p0782,2025-08-02 00:45:52,c112,pr0214,livros,2,1500.4,3000.8,SP,das Neves de Goiás,loja,cancelado
p0783,2025-07-31 21:41:06,c098,pr0028,games,5,101.54,507.7,MG,Sales,app,cancelado
p0784,2025-08-12 06:10:12,c179,pr0114,eletronicos,1,1353.8,1353.8,PE,Campos,app,cancelado
p0785,2025-08-13 02:04:03,c148,pr0259,livros,2,875.23,1750.46,PE,Rezende,web,pago
p0786,2025-08-17 09:41:51,c087,pr0043,roupas,5,1495.72,7478.6,PE,Barbosa,app,pago
p0787,2025-07-26 02:12:04,c103,pr0257,roupas,2,1528.83,3057.66,PR,Correia da Prata,loja,pago
p0788,2025-07-28 15:02:40,c125,pr0203,beleza,5,408.28,2041.4,CE,Moura de Goiás,web,pago
p0789,2025-08-08 04:45:49,c069,pr0398,roupas,3,1375.78,4127.34,RJ,Costela,web,cancelado
p0790,2025-08-04 04:06:19,c106,pr0217,games,3,397.17,1191.51,RS,Santos,loja,cancelado
p0791,2025-08-03 13:53:16,c007,pr0395,games,2,1975.55,3951.1,PR,Silva,loja,pago
p0792,2025-08-08 13:16:24,c113,pr0023,eletronicos,2,1377.01,2754.02,MG,Araújo das Pedras,loja,pago
p0793,2025-08-12 23:25:19,c029,pr0379,livros,2,1898.9,3797.8,MG,Ribeiro de Ferreira,app,pago
p0794,2025-08-10 06:30:24,c088,pr0356,livros,3,911.12,2733.36,SP,da Cunha,app,pago
p0795,2025-08-11 09:49:13,c190,pr0276,eletronicos,2,1101.92,2203.84,BA,Aragão do Sul,loja,pendente
p0796,2025-08-23 02:53:59,c160,pr0374,eletronicos,1,765.68,765.68,SP,Viana do Norte,app,pago
p0797,2025-08-02 20:27:36,c016,pr0146,eletronicos,5,557.14,2785.7,PR,da Cunha,loja,pago
p0798,2025-08-22 12:46:04,c018,pr0199,beleza,3,1332.7,3998.1,RS,Jesus de Freitas,web,pago
p0799,2025-07-26 22:06:53,c075,pr0445,beleza,4,477.71,1910.84,PE,Araújo de Ferreira,loja,cancelado
p0800,2025-08-21 11:21:02,c026,pr0463,games,4,1736.21,6944.84,RJ,Moraes de Cardoso,web,pago
p0801,2025-07-27 02:02:21,c129,pr0495,roupas,5,1854.17,9270.85,SP,Rodrigues de da Luz,web,pago
p0802,2025-07-29 23:36:06,c136,pr0157,games,4,798.93,3195.72,MG,Dias,web,pendente
p0803,2025-08-02 13:27:49,c176,pr0181,games,3,487.69,1463.07,BA,Gomes da Mata,web,cancelado
p0804,2025-08-11 03:41:24,c066,pr0450,roupas,1,1889.39,1889.39,BA,Farias Verde,web,pago
p0805,2025-08-06 06:10:45,c088,pr0460,roupas,2,193.83,387.66,PE,Peixoto,loja,cancelado
p0806,2025-07-29 03:24:06,c157,pr0447,beleza,2,846.32,1692.64,MG,Dias,app,pendente
p0807,2025-08-04 19:42:44,c155,pr0169,roupas,5,280.91,1404.55,MG,Viana Grande,loja,cancelado
p0808,2025-08-14 19:32:57,c176,pr0410,eletronicos,2,631.82,1263.64,MG,das Neves,app,pago
p0809,2025-07-31 17:06:57,c168,pr0478,esportes,2,648.64,1297.28,RJ,da Conceição dos Dourados,web,pendente
p0810,2025-07-27 00:24:58,c038,pr0373,livros,3,1762.66,5287.98,PE,Pinto do Oeste,app,pendente
p0811,2025-08-13 13:05:09,c114,pr0382,beleza,3,320.87,962.61,CE,Barbosa,web,pago
p0812,2025-08-03 14:43:06,c048,pr0014,esportes,5,548.39,2741.95,CE,Costela,loja,pago
p0813,2025-08-04 04:08:58,c060,pr0352,livros,3,177.36,532.08,PR,Porto de Sales,web,cancelado
p0814,2025-07-31 05:20:47,c155,pr0241,beleza,3,384.27,1152.81,PE,Oliveira Grande,app,pendente
p0815,2025-07-26 15:18:31,c036,pr0084,eletronicos,2,83.81,167.62,SP,da Costa de Goiás,app,pendente
p0816,2025-08-12 05:49:20,c057,pr0381,beleza,2,1520.4,3040.8,RJ,Gomes,web,pendente
p0817,2025-08-10 01:51:49,c158,pr0251,beleza,3,1736.21,5208.63,CE,Barbosa da Praia,app,pendente
p0818,2025-08-07 07:48:52,c199,pr0022,esportes,4,1446.0,5784.0,PE,Novaes do Norte,loja,cancelado
p0819,2025-08-02 09:42:00,c147,pr0305,esportes,5,1289.96,6449.8,SP,Azevedo,loja,pago
p0820,2025-08-05 13:55:41,c116,pr0234,livros,2,1047.03,2094.06,PE,Farias de Nascimento,loja,pago
p0821,2025-07-26 23:05:29,c143,pr0199,esportes,1,395.9,395.9,PR,das Neves Alegre,app,pendente
p0822,2025-07-27 18:24:11,c199,pr0424,games,4,349.64,1398.56,BA,Pires,loja,pago
p0823,2025-08-12 07:23:22,c177,pr0265,eletronicos,4,1663.19,6652.76,PR,Sales de Goiás,web,cancelado
p0824,2025-08-13 07:47:34,c129,pr0058,eletronicos,5,1876.93,9384.65,MG,Gomes,app,pendente
p0825,2025-08-02 00:14:22,c083,pr0231,livros,2,918.29,1836.58,CE,Rezende das Pedras,app,pago
p0826,2025-08-06 02:56:38,c065,pr0166,beleza,2,1442.38,2884.76,RJ,Rezende,web,pago
p0827,2025-07-30 19:17:50,c181,pr0231,beleza,3,188.91,566.73,PE,Dias,loja,cancelado
p0828,2025-08-07 11:06:56,c157,pr0487,eletronicos,4,1109.68,4438.72,SP,Cunha,web,pendente
p0829,2025-07-27 11:48:36,c145,pr0447,beleza,2,341.01,682.02,MG,Cunha Verde,web,cancelado
p0830,2025-08-03 05:41:44,c014,pr0215,games,3,1465.72,4397.16,PR,Cardoso da Mata,app,cancelado
p0831,2025-08-23 12:22:19,c047,pr0061,eletronicos,2,27.0,54.0,BA,Porto,web,pendente
p0832,2025-08-11 22:20:54,c128,pr0438,roupas,5,1618.76,8093.8,PR,Cardoso,web,pago
p0833,2025-08-16 17:24:28,c151,pr0338,roupas,4,832.1,3328.4,RJ,Caldeira Grande,loja,cancelado
p0834,2025-08-17 14:09:30,c002,pr0126,esportes,3,1247.14,3741.42,CE,Nunes do Galho,web,pago
p0835,2025-07-29 20:55:38,c038,pr0029,beleza,3,92.71,278.13,SP,Ramos do Campo,loja,cancelado
p0836,2025-08-07 05:48:14,c155,pr0153,games,1,117.08,117.08,PE,Carvalho do Sul,web,pago
p0837,2025-08-18 04:19:13,c173,pr0146,esportes,5,1153.12,5765.6,MG,Costela,app,cancelado
p0838,2025-08-18 04:14:19,c149,pr0185,livros,1,1541.65,1541.65,RS,Peixoto Paulista,app,pendente
p0839,2025-08-03 07:20:46,c018,pr0389,roupas,5,148.55,742.75,PR,Novaes do Oeste,web,pago
p0840,2025-08-12 09:07:01,c178,pr0441,games,3,1063.56,3190.68,CE,Novaes,loja,pago
p0841,2025-08-10 18:24:20,c157,pr0030,livros,5,1464.86,7324.3,RJ,Campos Alegre,app,cancelado
p0842,2025-08-05 02:11:05,c177,pr0310,beleza,3,865.57,2596.71,RS,Monteiro da Mata,app,cancelado
p0843,2025-08-23 06:12:43,c148,pr0320,games,2,1236.29,2472.58,PR,Cavalcanti do Galho,loja,cancelado
p0844,2025-08-22 19:19:15,c162,pr0255,roupas,2,1769.65,3539.3,CE,Barros,loja,pendente
p0845,2025-07-27 11:38:07,c050,pr0001,livros,1,940.47,940.47,RJ,Cardoso de da Conceição,loja,pago
p0846,2025-08-23 17:59:38,c158,pr0213,roupas,1,680.91,680.91,CE,da Cunha de Novaes,web,cancelado
p0847,2025-08-22 02:57:03,c052,pr0354,games,3,1584.59,4753.77,BA,Melo,app,cancelado
p0848,2025-08-01 21:03:49,c141,pr0166,livros,1,1377.95,1377.95,RS,Peixoto,app,cancelado
p0849,2025-07-30 11:29:17,c146,pr0316,livros,2,404.15,808.3,RS,Moraes de Almeida,loja,pendente
p0850,2025-08-03 02:05:51,c122,pr0409,livros,2,973.36,1946.72,PR,Vieira do Galho,loja,pendente
p0851,2025-08-14 11:27:40,c119,pr0402,roupas,1,1673.51,1673.51,BA,Ramos,loja,cancelado
p0852,2025-08-12 22:48:21,c174,pr0162,esportes,5,57.06,285.3,RS,Nogueira dos Dourados,app,pago
p0853,2025-08-13 07:01:14,c039,pr0144,livros,3,1967.57,5902.71,MG,Fogaça das Pedras,loja,cancelado
p0854,2025-08-17 15:02:47,c100,pr0096,esportes,1,1731.9,1731.9,BA,da Luz,loja,pendente
p0855,2025-08-12 02:49:23,c182,pr0017,games,4,191.86,767.44,CE,Cardoso,app,pendente
p0856,2025-07-27 06:33:47,c078,pr0111,esportes,3,366.53,1099.59,RS,Melo de Monteiro,web,pago
p0857,2025-08-13 03:34:56,c024,pr0228,esportes,1,1602.07,1602.07,MG,da Conceição de Costa,web,pendente
p0858,2025-08-15 15:00:43,c124,pr0376,esportes,3,1555.56,4666.68,MG,Cunha do Campo,web,cancelado
p0859,2025-08-15 20:28:37,c174,pr0068,eletronicos,1,929.55,929.55,RJ,Cardoso,web,pendente
p0860,2025-08-16 22:47:35,c012,pr0352,esportes,1,679.91,679.91,SP,Dias do Campo,web,cancelado
p0861,2025-07-27 05:46:12,c197,pr0338,beleza,3,64.51,193.53,BA,Viana de Minas,loja,pago
p0862,2025-08-03 10:57:17,c083,pr0103,eletronicos,3,567.77,1703.31,RS,Correia,app,cancelado
p0863,2025-08-07 06:51:47,c031,pr0140,eletronicos,2,561.8,1123.6,SP,Almeida de Jesus,loja,cancelado
p0864,2025-08-17 21:26:00,c132,pr0053,eletronicos,5,713.63,3568.15,RS,da Luz de Melo,app,pago
p0865,2025-08-04 12:47:36,c181,pr0412,games,5,504.75,2523.75,RJ,Ribeiro,app,cancelado
p0866,2025-08-01 03:22:46,c087,pr0277,roupas,1,277.55,277.55,PR,Rodrigues,loja,pago
p0867,2025-08-20 03:52:47,c028,pr0197,livros,1,864.4,864.4,MG,Cardoso de Cunha,loja,cancelado
p0868,2025-08-05 18:47:57,c152,pr0323,beleza,4,1240.3,4961.2,BA,Sales de Minas,app,pago
p0869,2025-07-31 13:10:01,c183,pr0389,beleza,5,175.52,877.6,PR,Fernandes,loja,pago
p0870,2025-07-26 04:33:04,c024,pr0417,beleza,4,212.58,850.32,BA,Peixoto da Prata,loja,cancelado
p0871,2025-07-26 06:28:23,c182,pr0393,roupas,4,478.75,1915.0,CE,Campos do Oeste,web,cancelado
p0872,2025-07-30 13:46:42,c067,pr0468,games,4,383.04,1532.16,RS,Costela,app,pendente
p0873,2025-08-15 04:00:19,c125,pr0016,livros,4,243.52,974.08,PR,Almeida,app,pago
p0874,2025-07-28 10:21:17,c073,pr0394,games,5,1157.86,5789.3,RJ,Gonçalves,app,cancelado
p0875,2025-08-14 17:51:23,c028,pr0167,esportes,1,1589.01,1589.01,PR,da Conceição,app,cancelado
p0876,2025-08-16 09:57:11,c106,pr0123,esportes,2,1104.94,2209.88,PR,Ferreira,app,pago
p0877,2025-08-22 20:04:00,c088,pr0107,beleza,5,873.67,4368.35,PE,Barbosa,loja,pendente
p0878,2025-08-15 21:05:03,c140,pr0356,eletronicos,2,1331.97,2663.94,RJ,da Rocha,loja,cancelado
p0879,2025-08-17 00:23:08,c147,pr0429,roupas,1,1192.48,1192.48,PR,Moura,app,cancelado
p0880,2025-08-16 09:46:29,c025,pr0421,roupas,2,629.91,1259.82,PE,Cavalcanti de da Cruz,web,cancelado
p0881,2025-08-13 05:02:14,c028,pr0351,esportes,4,668.27,2673.08,SP,Pires de da Cunha,web,pago
p0882,2025-08-03 08:53:35,c036,pr0455,esportes,1,1519.01,1519.01,MG,Cunha do Norte,app,cancelado
p0883,2025-08-16 10:53:11,c075,pr0200,esportes,5,905.38,4526.9,CE,Nunes das Flores,loja,pendente
p0884,2025-08-06 11:54:18,c077,pr0292,beleza,3,1838.63,5515.89,PE,Pires da Praia,loja,pendente
p0885,2025-08-21 08:50:47,c023,pr0299,livros,5,1973.11,9865.55,PE,Porto,web,pendente
p0886,2025-08-09 16:39:07,c016,pr0190,esportes,1,21.67,21.67,RS,Melo,web,pendente
p0887,2025-08-07 22:09:54,c008,pr0121,roupas,5,800.65,4003.25,RS,Moraes,loja,pendente
p0888,2025-08-09 20:15:40,c104,pr0196,roupas,5,438.21,2191.05,MG,das Neves de Costela,app,pago
p0889,2025-07-28 21:06:00,c049,pr0285,roupas,3,1683.13,5049.39,MG,Ramos Alegre,app,cancelado
p0890,2025-08-03 08:16:24,c033,pr0069,livros,1,1303.81,1303.81,MG,da Costa do Amparo,loja,pendente
p0891,2025-08-23 02:45:51,c169,pr0224,eletronicos,1,291.7,291.7,PE,Lima,app,cancelado
p0892,2025-08-10 14:14:43,c155,pr0477,roupas,5,376.0,1880.0,PE,Moura de Sales,loja,pendente
p0893,2025-07-28 05:11:02,c099,pr0182,eletronicos,2,861.05,1722.1,SP,Cardoso,loja,pendente
p0894,2025-08-04 16:37:11,c188,pr0122,beleza,5,553.12,2765.6,RS,Monteiro do Amparo,web,pago
p0895,2025-08-18 23:34:36,c146,pr0248,beleza,3,244.07,732.21,PR,da Mata de Minas,loja,pago
p0896,2025-08-02 03:01:38,c037,pr0374,beleza,5,1967.49,9837.45,BA,Lima das Flores,app,cancelado
p0897,2025-07-28 09:53:25,c021,pr0268,esportes,1,505.56,505.56,RJ,Cardoso,loja,cancelado
p0898,2025-07-25 14:21:18,c139,pr0409,esportes,3,1233.82,3701.46,RS,Ribeiro do Norte,loja,pago
p0899,2025-08-18 21:27:04,c121,pr0233,esportes,4,1156.45,4625.8,RS,Barros de Melo,app,pendente
p0900,2025-08-20 00:50:59,c076,pr0149,eletronicos,1,1396.2,1396.2,BA,Alves das Pedras,loja,cancelado
p0901,2025-08-15 11:35:44,c067,pr0032,beleza,4,1164.72,4658.88,SP,da Mata,loja,pendente
p0902,2025-08-09 10:16:08,c189,pr0320,livros,3,979.83,2939.49,MG,Cunha,loja,pago
p0903,2025-08-16 11:55:56,c072,pr0130,eletronicos,5,576.32,2881.6,BA,Teixeira,web,cancelado
p0904,2025-08-10 17:05:03,c029,pr0310,eletronicos,5,1483.16,7415.8,PR,da Luz do Oeste,app,pago
p0905,2025-08-19 17:57:38,c067,pr0401,beleza,2,980.14,1960.28,SP,Farias,app,pago
p0906,2025-08-23 18:31:43,c038,pr0305,eletronicos,4,1510.47,6041.88,PE,Cardoso,app,pago
p0907,2025-08-09 14:49:02,c170,pr0226,beleza,2,437.5,875.0,RS,Monteiro de Minas,web,cancelado
p0908,2025-08-15 01:07:58,c068,pr0387,livros,1,351.85,351.85,PE,Rodrigues do Norte,app,pendente
p0909,2025-08-05 10:21:39,c122,pr0383,esportes,2,772.01,1544.02,PE,Moura,app,pendente
p0910,2025-08-04 00:13:09,c038,pr0272,roupas,1,591.81,591.81,PR,Barros,app,cancelado
p0911,2025-08-17 22:35:43,c081,pr0493,esportes,1,212.78,212.78,RS,Ribeiro,app,cancelado
p0912,2025-08-17 10:34:53,c167,pr0440,games,3,555.25,1665.75,RJ,Jesus Alegre,app,cancelado
p0913,2025-08-01 19:03:15,c150,pr0201,roupas,2,1473.94,2947.88,CE,da Rocha Grande,loja,pendente
p0914,2025-08-10 06:45:00,c174,pr0354,eletronicos,3,1104.27,3312.81,SP,Duarte,web,pago
p0915,2025-08-01 20:18:49,c106,pr0051,esportes,1,1377.29,1377.29,RS,da Mata de Porto,web,cancelado
p0916,2025-07-27 17:27:05,c073,pr0129,eletronicos,1,66.93,66.93,RJ,Ribeiro,web,cancelado
p0917,2025-08-20 20:35:12,c169,pr0458,eletronicos,5,1283.4,6417.0,RJ,Mendes das Flores,web,cancelado
p0918,2025-08-19 16:58:42,c034,pr0193,beleza,5,1610.34,8051.7,MG,Silva do Norte,web,cancelado
p0919,2025-07-28 18:28:21,c048,pr0130,games,4,1327.75,5311.0,RJ,Moreira,loja,pendente
p0920,2025-07-29 14:17:21,c071,pr0394,roupas,3,529.53,1588.59,RJ,Moura de Ribeiro,app,pago
p0921,2025-08-08 23:13:36,c098,pr0199,games,1,531.31,531.31,BA,Duarte,web,pendente
p0922,2025-08-18 00:43:56,c018,pr0252,eletronicos,5,797.42,3987.1,PR,Costa de Cardoso,web,pago
p0923,2025-07-27 06:29:01,c139,pr0394,roupas,2,1235.65,2471.3,RJ,Jesus do Galho,app,cancelado
p0924,2025-08-18 00:37:04,c067,pr0053,livros,1,159.42,159.42,BA,da Mata de Nunes,app,pago
p0925,2025-08-15 20:17:50,c128,pr0077,beleza,1,1867.13,1867.13,PE,da Cunha,app,pago
p0926,2025-08-19 21:48:34,c180,pr0169,roupas,5,27.33,136.65,PR,Aragão do Galho,app,pendente
p0927,2025-08-13 04:15:24,c104,pr0433,beleza,1,1089.45,1089.45,SP,Costela,app,cancelado
p0928,2025-08-07 21:17:21,c200,pr0247,livros,5,1079.9,5399.5,RS,Vieira Paulista,app,cancelado
p0929,2025-07-26 13:01:56,c078,pr0206,livros,1,743.4,743.4,RS,da Rocha,web,pendente
p0930,2025-08-16 14:56:43,c195,pr0393,games,2,369.7,739.4,SP,Mendes de da Rocha,app,cancelado
p0931,2025-08-20 20:19:11,c049,pr0154,beleza,4,1794.99,7179.96,RS,Souza,app,pago
p0932,2025-08-03 13:49:39,c162,pr0225,beleza,2,297.09,594.18,CE,Lima da Praia,web,cancelado
p0933,2025-08-23 18:13:52,c152,pr0123,roupas,4,144.73,578.92,BA,Ribeiro,app,cancelado
p0934,2025-08-11 19:59:41,c116,pr0495,livros,1,691.78,691.78,RS,Costa,loja,pago
p0935,2025-08-16 19:38:40,c104,pr0061,eletronicos,5,927.57,4637.85,MG,Rodrigues,loja,cancelado
p0936,2025-07-28 04:52:30,c060,pr0474,livros,1,1476.21,1476.21,PR,da Paz do Norte,loja,pago
p0937,2025-08-05 12:07:22,c121,pr0465,esportes,1,500.51,500.51,MG,Campos,web,pago
p0938,2025-08-03 20:10:20,c162,pr0026,games,1,923.25,923.25,MG,da Costa das Pedras,loja,pago
p0939,2025-08-21 21:12:46,c028,pr0059,roupas,5,1602.37,8011.85,CE,Sales da Mata,web,pago
p0940,2025-07-29 18:38:56,c110,pr0173,beleza,4,661.99,2647.96,MG,Novaes da Praia,app,pago
p0941,2025-08-06 04:26:37,c196,pr0024,esportes,2,684.3,1368.6,RJ,da Rosa,app,pago
p0942,2025-08-22 18:35:24,c194,pr0213,eletronicos,3,1115.75,3347.25,PR,Cardoso de das Neves,web,cancelado
p0943,2025-07-27 17:34:07,c011,pr0069,livros,5,764.74,3823.7,MG,Nascimento de Minas,web,pendente
p0944,2025-08-06 13:32:25,c021,pr0004,livros,2,1853.75,3707.5,BA,Cavalcanti,app,cancelado
p0945,2025-08-21 13:50:36,c198,pr0244,beleza,2,428.2,856.4,BA,Vieira,loja,pendente
p0946,2025-08-11 02:49:03,c106,pr0123,eletronicos,5,1389.51,6947.55,MG,Santos,loja,pendente
p0947,2025-07-28 09:17:20,c157,pr0487,livros,3,708.75,2126.25,SP,Fogaça das Pedras,loja,pago
p0948,2025-08-06 06:06:51,c050,pr0061,esportes,1,1245.46,1245.46,CE,Nunes de Goiás,app,cancelado
p0949,2025-07-28 07:27:17,c169,pr0107,games,1,403.56,403.56,MG,Costa,loja,pendente
p0950,2025-08-01 22:41:11,c128,pr0091,eletronicos,1,126.97,126.97,RS,Peixoto do Oeste,app,pago
p0951,2025-08-14 11:45:17,c112,pr0129,games,5,1614.2,8071.0,PR,da Conceição,web,pago
p0952,2025-08-11 16:38:39,c190,pr0027,esportes,2,332.93,665.86,SP,Pereira do Amparo,app,cancelado
p0953,2025-08-18 13:30:40,c030,pr0037,eletronicos,4,1193.56,4774.24,RS,Almeida do Campo,app,pago
p0954,2025-08-05 07:37:51,c192,pr0347,games,2,1562.37,3124.74,RS,Ribeiro Grande,web,pago
p0955,2025-08-05 11:28:46,c061,pr0378,roupas,2,763.55,1527.1,CE,das Neves de Novaes,web,pendente
p0956,2025-08-21 10:43:51,c150,pr0249,livros,4,306.98,1227.92,PR,Caldeira,web,pendente
p0957,2025-08-09 14:33:10,c096,pr0070,roupas,2,1271.4,2542.8,BA,Gonçalves,web,pendente
p0958,2025-08-19 03:35:58,c033,pr0017,beleza,5,138.11,690.55,MG,Mendes das Pedras,web,pendente
p0959,2025-07-27 05:51:38,c118,pr0215,eletronicos,3,455.31,1365.93,BA,Nascimento,loja,pago
p0960,2025-08-09 08:57:07,c164,pr0488,esportes,2,1164.68,2329.36,CE,da Rocha,web,pendente
p0961,2025-08-13 15:50:32,c134,pr0251,eletronicos,5,957.51,4787.55,PR,da Cruz,app,pago
p0962,2025-08-22 09:09:37,c187,pr0220,beleza,2,510.71,1021.42,PE,Nunes do Norte,loja,pago
p0963,2025-08-10 22:53:19,c152,pr0485,eletronicos,5,1798.54,8992.7,PE,Jesus Verde,web,pago
p0964,2025-08-14 18:43:46,c121,pr0376,esportes,1,862.88,862.88,PE,da Mota do Campo,app,cancelado
p0965,2025-08-17 21:25:47,c026,pr0232,roupas,2,184.52,369.04,SP,Nunes,loja,cancelado
p0966,2025-07-29 10:49:05,c105,pr0487,eletronicos,2,729.64,1459.28,CE,Oliveira de da Cunha,loja,pago
p0967,2025-08-08 01:43:30,c005,pr0246,beleza,3,340.37,1021.11,PR,Martins,loja,cancelado
p0968,2025-07-26 01:30:52,c150,pr0013,roupas,4,1548.23,6192.92,PE,Pinto do Amparo,web,pendente
p0969,2025-08-07 10:51:16,c161,pr0238,beleza,1,1723.56,1723.56,RJ,da Mota da Mata,app,cancelado
p0970,2025-08-24 01:19:13,c086,pr0272,livros,3,863.29,2589.87,BA,Fernandes de Minas,loja,cancelado
p0971,2025-08-05 04:38:14,c139,pr0295,eletronicos,1,1248.5,1248.5,RS,da Cunha,loja,pago
p0972,2025-08-11 08:42:44,c132,pr0485,beleza,3,1778.2,5334.6,RJ,Melo,app,pendente
p0973,2025-08-01 04:51:50,c120,pr0317,livros,3,745.54,2236.62,RJ,Rezende,loja,cancelado
p0974,2025-08-09 01:21:25,c199,pr0105,eletronicos,3,492.49,1477.47,RJ,Gomes,loja,pendente
p0975,2025-08-20 08:26:12,c189,pr0481,esportes,2,1511.28,3022.56,CE,Silva da Prata,app,pendente
p0976,2025-08-05 01:49:30,c069,pr0258,beleza,4,568.75,2275.0,RJ,Castro das Pedras,app,pendente
p0977,2025-08-12 05:47:19,c116,pr0249,esportes,5,1662.53,8312.65,PR,das Neves Alegre,loja,cancelado
p0978,2025-08-03 01:54:28,c174,pr0423,esportes,3,914.92,2744.76,RS,Carvalho,loja,cancelado
p0979,2025-08-03 12:43:00,c017,pr0097,roupas,1,178.74,178.74,MG,Costa,app,pago
p0980,2025-07-28 01:58:11,c028,pr0085,games,1,1400.22,1400.22,PR,Santos de Rezende,web,pago
p0981,2025-08-12 23:43:55,c134,pr0488,beleza,1,600.48,600.48,MG,Araújo das Pedras,app,pendente
p0982,2025-07-29 18:35:31,c108,pr0228,beleza,1,597.2,597.2,RJ,Moura de Campos,web,pago
p0983,2025-07-31 14:31:57,c134,pr0331,games,4,1165.84,4663.36,RS,Peixoto,app,cancelado
p0984,2025-08-03 17:38:31,c171,pr0357,esportes,5,901.61,4508.05,BA,da Rosa,loja,pago
p0985,2025-07-26 11:13:22,c079,pr0088,games,2,978.8,1957.6,BA,Ribeiro,web,pago
p0986,2025-08-22 12:45:06,c091,pr0146,roupas,2,1244.89,2489.78,MG,da Mata,loja,cancelado
p0987,2025-08-23 06:36:24,c074,pr0094,eletronicos,2,339.28,678.56,RJ,Rodrigues de Gonçalves,web,pendente
p0988,2025-08-10 09:21:47,c148,pr0065,roupas,3,751.95,2255.85,CE,da Costa,loja,cancelado
p0989,2025-07-27 08:30:30,c009,pr0341,games,3,312.93,938.79,PR,Duarte dos Dourados,loja,pago
p0990,2025-08-07 13:30:26,c137,pr0155,livros,1,821.03,821.03,PR,Almeida do Galho,web,pendente
p0991,2025-08-03 22:25:37,c082,pr0080,livros,5,1951.69,9758.45,RS,Cavalcanti,loja,cancelado
p0992,2025-08-05 12:10:30,c076,pr0243,games,5,1340.44,6702.2,PR,Ramos Alegre,app,cancelado
p0993,2025-08-21 13:55:42,c029,pr0375,roupas,1,296.06,296.06,RJ,Fernandes,app,pago
p0994,2025-08-16 06:02:03,c103,pr0317,eletronicos,4,727.64,2910.56,RS,Farias do Campo,web,cancelado
p0995,2025-08-13 16:02:23,c165,pr0100,esportes,5,459.84,2299.2,BA,Ribeiro das Pedras,web,pago
p0996,2025-08-02 23:22:30,c022,pr0276,roupas,1,1952.16,1952.16,PE,da Cruz dos Dourados,web,pendente
p0997,2025-08-08 15:57:14,c082,pr0309,esportes,5,1887.94,9439.7,RS,Costa,app,pago
p0998,2025-07-28 20:05:34,c184,pr0438,roupas,3,784.5,2353.5,SP,Araújo,app,pendente
p0999,2025-08-20 01:17:46,c090,pr0158,roupas,5,193.45,967.25,PR,Farias de Lima,loja,pendente
p1000,2025-08-15 21:48:16,c114,pr0148,eletronicos,4,1462.64,5850.56,PE,Pereira de Minas,web,cancelado
